Age,BusinessTravel,DailyRate,Department,DistanceFromHome,Education,EducationField,EmployeeCount,EmployeeNumber,EnvironmentSatisfaction,Gender,HourlyRate,JobInvolvement,JobLevel,JobRole,JobSatisfaction,MaritalStatus,MonthlyIncome,MonthlyRate,NumCompaniesWorked,Over18,OverTime,PercentSalaryHike,PerformanceRating,RelationshipSatisfaction,StandardHours,StockOptionLevel,TotalWorkingYears,TrainingTimesLastYear,WorkLifeBalance,YearsAtCompany,YearsInCurrentRole,YearsSinceLastPromotion,YearsWithCurrManager,RCC_acceptance
,Travel_Rarely,866.0,Sales,,3,Medical,1,1469,4,Male,84,3,2,Sales Executive,1,Single,8463,23490,0,Y,No,18,3,4,80,0,6,4,3,5,4,1,3,0.08100937046482282
53.0,Travel_Rarely,1084.0,Research & Development,13.0,2,Medical,1,250,4,Female,57,4,2,Manufacturing Director,1,Divorced,4450,26250,1,Y,No,11,3,3,80,2,5,3,3,4,2,1,3,0.005072249146877841
24.0,Travel_Rarely,240.0,Human Resources,22.0,1,Human Resources,1,1714,4,Male,58,1,1,Human Resources,3,Married,1555,11585,1,Y,No,11,3,3,80,1,1,2,3,1,0,0,0,0.19120354879212847
45.0,Travel_Rarely,1339.0,Research & Development,7.0,3,Life Sciences,1,86,2,Male,59,3,3,Research Scientist,1,Divorced,9724,18787,2,Y,No,17,3,3,80,1,25,2,3,1,0,0,0,0.010244222983046846
36.0,Travel_Rarely,1396.0,Research & Development,,2,Life Sciences,1,304,4,Male,62,3,2,Laboratory Technician,2,Single,5914,9945,8,Y,No,16,3,4,80,0,16,3,4,13,11,3,7,0.05871003862484893
34.0,Travel_Rarely,204.0,Sales,14.0,3,Technical Degree,1,666,3,Female,31,3,1,Sales Representative,3,Divorced,2579,2912,1,Y,Yes,18,3,4,80,2,8,3,3,8,2,0,6,0.33394590719087064
,Travel_Rarely,144.0,Research & Development,22.0,3,Life Sciences,1,577,4,Male,46,1,1,Laboratory Technician,3,Single,4230,19225,0,Y,No,15,3,3,80,0,6,2,3,5,4,4,3,0.30470268866619077
39.0,Travel_Rarely,1431.0,Research & Development,1.0,4,Medical,1,332,3,Female,96,3,1,Laboratory Technician,3,,2232,15417,7,Y,No,14,3,3,80,3,7,1,3,3,2,1,2,0.11618892200342343
45.0,Non-Travel,1052.0,Sales,6.0,3,Medical,1,302,4,Female,57,2,3,Sales Executive,4,Single,8865,16840,6,Y,No,12,3,4,80,0,23,2,3,19,7,12,8,0.05603934957778026
,Travel_Rarely,1229.0,Research & Development,8.0,1,Life Sciences,1,63,4,Male,36,4,1,Laboratory Technician,4,Married,2269,4892,1,Y,No,19,3,4,80,0,1,2,3,1,0,0,1,0.02556748237963817
47.0,Travel_Rarely,1454.0,Sales,2.0,4,Life Sciences,1,925,4,Female,65,2,1,Sales Representative,4,Single,3294,13137,1,Y,Yes,18,3,1,80,0,3,3,2,3,2,1,2,0.5981289165140533
43.0,Travel_Rarely,531.0,Sales,4.0,4,Marketing,1,1293,4,Female,56,2,3,Sales Executive,4,Single,10231,20364,3,Y,No,14,3,4,80,0,23,3,4,21,7,15,17,0.08896267244445788
44.0,Travel_Rarely,625.0,Research & Development,4.0,3,Medical,1,852,4,Male,50,3,2,Healthcare Representative,2,Single,5933,5197,9,Y,No,12,3,4,80,0,10,2,2,5,2,2,3,0.14139292684357294
40.0,Travel_Rarely,1171.0,Research & Development,10.0,4,Life Sciences,1,483,4,Female,46,4,1,Laboratory Technician,3,Married,2213,22495,3,Y,Yes,13,3,3,80,1,10,3,3,7,7,1,7,0.0466567842056015
22.0,Travel_Rarely,581.0,Research & Development,1.0,2,Life Sciences,1,2007,4,Male,63,3,1,Research Scientist,3,Single,3375,17624,0,Y,No,12,3,4,80,0,4,2,4,3,2,1,2,0.032289255807774225
30.0,Travel_Frequently,1312.0,Research & Development,2.0,4,Technical Degree,1,1745,4,Female,78,2,1,Research Scientist,1,Single,4968,26427,0,Y,No,16,3,4,80,0,10,2,3,9,7,0,7,0.15941576258028728
29.0,Travel_Frequently,461.0,Research & Development,1.0,3,Life Sciences,1,1753,4,Male,70,4,2,Healthcare Representative,3,Single,6294,23060,8,Y,Yes,12,3,4,80,0,10,5,4,3,2,0,2,0.2768324907280462
36.0,Travel_Rarely,885.0,Research & Development,16.0,4,Life Sciences,1,1042,3,Female,43,4,1,Laboratory Technician,1,Single,2743,8269,1,Y,No,16,3,3,80,0,18,1,3,17,13,15,14,0.08471971119478018
47.0,Non-Travel,666.0,Research & Development,29.0,4,Life Sciences,1,376,1,Male,88,3,3,Manager,2,,11849,10268,1,Y,Yes,12,3,4,80,1,10,2,2,10,7,9,9,0.20258821444322925
34.0,Travel_Frequently,829.0,Research & Development,15.0,3,Medical,1,1485,2,Male,71,3,4,Research Director,1,Divorced,17007,11929,7,Y,No,14,3,4,80,2,16,3,2,14,8,6,9,0.047068244258461754
31.0,Travel_Frequently,307.0,Research & Development,29.0,2,Medical,1,355,3,Male,71,2,1,Laboratory Technician,2,Single,3479,11652,0,Y,No,11,3,2,80,0,6,2,4,5,4,1,4,0.3080691473807343
47.0,Travel_Rarely,983.0,Research & Development,2.0,2,Medical,1,574,1,Female,65,3,2,Manufacturing Director,4,Divorced,5070,7389,5,Y,No,13,3,3,80,3,20,2,3,5,0,0,4,0.0062285414109621885
32.0,Travel_Rarely,601.0,Sales,7.0,5,Marketing,1,1446,4,Male,97,3,2,Sales Executive,4,Married,9204,23343,4,Y,No,12,3,3,80,1,7,3,2,4,3,0,3,0.054407553948803186
38.0,Travel_Rarely,322.0,Sales,7.0,2,Medical,1,382,1,Female,44,4,2,Sales Executive,1,Divorced,5605,19191,1,Y,Yes,24,4,3,80,1,8,3,3,8,0,7,7,0.43144525473605444
33.0,Travel_Rarely,1242.0,Sales,8.0,4,Life Sciences,1,1560,1,Male,46,3,2,Sales Executive,1,Married,6392,10589,2,Y,No,13,3,4,80,1,8,6,1,2,2,2,2,0.14005744404485407
55.0,Travel_Rarely,,Sales,26.0,5,Marketing,1,1578,3,Male,60,2,5,Manager,4,Married,19586,23037,1,Y,No,21,4,3,80,1,36,3,3,36,6,2,13,0.011170120083176697
27.0,Travel_Rarely,618.0,Research & Development,4.0,3,Life Sciences,1,933,2,Female,76,3,1,Research Scientist,3,Single,2318,17808,1,Y,No,19,3,3,80,0,1,2,3,1,1,0,0,0.11162140201420076
33.0,Travel_Rarely,586.0,Sales,1.0,3,Medical,1,855,1,Male,48,4,2,Sales Executive,1,Divorced,4037,21816,1,Y,No,22,4,1,80,1,9,5,3,9,8,0,8,0.016326084706251093
44.0,Travel_Rarely,1467.0,Research & Development,20.0,3,Life Sciences,1,1475,4,Male,49,3,1,Research Scientist,2,Single,3420,21158,1,Y,No,13,3,3,80,0,6,3,2,5,2,1,3,0.07186320450585196
34.0,Travel_Rarely,470.0,Research & Development,2.0,4,Life Sciences,1,339,4,Male,84,2,2,Manufacturing Director,1,Married,5957,23687,6,Y,No,13,3,2,80,1,13,3,3,11,9,5,9,0.05966281157441777
30.0,Travel_Rarely,305.0,Research & Development,16.0,3,Life Sciences,1,1763,3,Male,58,4,2,Healthcare Representative,3,Married,5294,9128,3,Y,No,16,3,3,80,1,10,3,3,7,0,1,7,0.012363633053807862
,Travel_Rarely,1066.0,Research & Development,2.0,2,Medical,1,1018,4,Male,32,4,2,Manufacturing Director,4,Married,5472,3334,1,Y,No,12,3,2,80,0,8,2,3,8,7,1,3,0.003640120963991294
40.0,Travel_Frequently,791.0,Research & Development,2.0,2,Medical,1,807,3,Female,38,4,2,Healthcare Representative,2,Married,4244,9931,1,Y,No,24,4,4,80,1,8,2,3,8,7,3,7,0.004374852751118683
37.0,Travel_Rarely,799.0,Research & Development,1.0,3,Technical Degree,1,623,2,Female,59,3,3,Manufacturing Director,4,Single,7491,23848,4,Y,No,17,3,4,80,0,12,3,4,6,5,1,2,0.06056053087805231
36.0,Travel_Rarely,1456.0,Sales,13.0,5,Marketing,1,1733,2,Male,96,2,2,Sales Executive,1,Divorced,6134,8658,5,Y,Yes,13,3,2,80,3,16,3,3,2,2,2,2,0.524070957249274
,Travel_Rarely,882.0,Sales,,4,Life Sciences,1,984,4,Male,92,3,3,Sales Executive,4,Divorced,7823,6812,6,Y,No,13,3,2,80,1,12,2,3,10,9,0,8,0.006922973015498627
40.0,Non-Travel,218.0,Research & Development,8.0,1,Medical,1,1468,4,Male,55,2,3,Research Director,2,Divorced,13757,25178,2,Y,No,11,3,3,80,1,16,5,3,9,8,4,8,0.0006663198347185534
41.0,Non-Travel,,Research & Development,,2,Life Sciences,1,1210,1,Male,95,2,1,Research Scientist,1,Divorced,2107,20293,6,Y,No,17,3,1,80,1,5,2,1,1,0,0,0,0.30067106659087656
,Travel_Rarely,1434.0,Research & Development,,4,Technical Degree,1,65,3,Male,50,3,1,Laboratory Technician,3,Single,3441,11179,1,Y,Yes,13,3,3,80,0,2,3,2,2,2,2,2,0.9015839308699392
,Travel_Rarely,1217.0,Research & Development,1.0,3,Medical,1,1834,3,Female,67,3,1,Research Scientist,1,Married,3591,12719,1,Y,No,25,4,3,80,1,3,3,3,3,2,1,2,0.03260840055502347
38.0,Travel_Rarely,702.0,Sales,1.0,4,Life Sciences,1,230,1,Female,59,2,2,Sales Executive,4,Single,8686,12930,4,Y,No,22,4,3,80,0,12,2,4,8,3,0,7,0.07693620237613139
40.0,Travel_Rarely,1342.0,Sales,9.0,2,Medical,1,1548,1,Male,47,3,2,Sales Executive,1,Married,5473,19345,0,Y,No,12,3,4,80,0,9,5,4,8,4,7,1,0.09011469957198534
32.0,Non-Travel,1200.0,Research & Development,1.0,4,Technical Degree,1,1574,4,Male,62,3,2,Research Scientist,1,Married,4087,25174,4,Y,No,14,3,2,80,1,9,3,2,6,5,1,2,0.08405179803920339
38.0,Travel_Frequently,1186.0,Research & Development,,4,Other,1,1060,3,Male,44,3,1,Research Scientist,3,Married,2821,2997,3,Y,No,16,3,1,80,1,8,2,3,2,2,2,2,0.07100112700322556
33.0,Travel_Rarely,350.0,Sales,,3,Marketing,1,485,4,Female,34,3,1,Sales Representative,3,Single,2851,9150,1,Y,Yes,13,3,2,80,0,1,2,3,1,0,0,0,0.7473320664170842
38.0,Non-Travel,1327.0,Sales,2.0,2,Life Sciences,1,361,4,Male,39,2,2,Sales Executive,4,Married,5249,19682,3,Y,No,18,3,4,80,1,13,0,3,8,7,7,5,0.010777217635890702
40.0,Travel_Rarely,299.0,Sales,25.0,4,Marketing,1,1318,4,Male,57,2,3,Sales Executive,2,Single,9094,17235,2,Y,Yes,12,3,3,80,0,9,2,3,5,4,1,0,0.6719350953844643
33.0,Travel_Rarely,118.0,Sales,16.0,3,Marketing,1,819,1,Female,69,3,2,Sales Executive,1,Single,5324,26507,5,Y,No,15,3,3,80,0,6,3,3,3,2,0,2,0.5537061861083885
50.0,Travel_Frequently,562.0,Sales,8.0,2,Technical Degree,1,723,2,Male,50,3,2,Sales Executive,3,Married,6796,23452,3,Y,Yes,14,3,1,80,1,18,4,3,4,3,1,3,0.5211862635391659
19.0,Non-Travel,504.0,Research & Development,10.0,3,Medical,1,1248,1,Female,96,2,1,Research Scientist,2,Single,1859,6148,1,Y,Yes,25,4,2,80,0,1,2,4,1,1,0,0,0.48515718350489273
46.0,Travel_Rarely,1009.0,Research & Development,2.0,3,Life Sciences,1,575,1,Male,51,3,4,Research Director,3,Married,17861,2288,6,Y,No,13,3,3,80,0,26,2,1,3,2,0,1,0.008883096431808542
31.0,Travel_Rarely,691.0,Research & Development,,4,Technical Degree,1,423,3,Male,86,3,1,Research Scientist,4,Married,4821,10077,0,Y,Yes,12,3,3,80,1,6,4,3,5,2,0,3,0.1963422665216666
51.0,Travel_Rarely,684.0,Research & Development,6.0,3,Life Sciences,1,162,1,Male,51,3,5,Research Director,3,Single,19537,6462,7,Y,No,13,3,3,80,0,23,5,3,20,18,15,15,0.012773080071642622
34.0,Travel_Rarely,507.0,Sales,15.0,2,Medical,1,1356,3,Female,66,3,2,Sales Executive,1,Single,6125,23553,1,Y,No,12,3,4,80,0,10,6,4,10,8,9,6,0.05923377663925274
29.0,Travel_Rarely,1082.0,Research & Development,9.0,4,Medical,1,1709,4,Female,43,3,1,Laboratory Technician,3,Married,2974,25412,9,Y,No,17,3,3,80,1,9,2,3,5,3,1,2,0.1326323762166925
32.0,Travel_Frequently,1316.0,Research & Development,2.0,2,Life Sciences,1,1235,4,Female,38,3,2,Research Scientist,3,Single,4998,2338,4,Y,Yes,14,3,4,80,0,10,2,3,8,7,0,7,0.1479869469771709
40.0,Travel_Rarely,905.0,Research & Development,19.0,2,Medical,1,281,3,Male,99,3,2,Laboratory Technician,4,Married,2741,16523,8,Y,Yes,15,3,3,80,1,15,2,4,7,2,3,7,0.32754503214334485
33.0,Travel_Frequently,1303.0,Research & Development,7.0,2,Life Sciences,1,1970,4,Male,36,3,2,Healthcare Representative,3,Divorced,5968,18079,1,Y,No,20,4,3,80,3,9,2,3,9,7,2,8,0.003118787613151252
34.0,Travel_Rarely,970.0,Research & Development,8.0,2,Medical,1,757,2,Female,96,3,2,Healthcare Representative,3,Single,6142,7360,3,Y,No,11,3,4,80,0,10,2,3,5,1,4,3,0.04853803579349058
39.0,Travel_Frequently,711.0,Research & Development,4.0,3,Medical,1,1633,1,Female,81,3,2,Manufacturing Director,3,Single,5042,3140,0,Y,No,13,3,4,80,0,10,2,1,9,2,3,8,0.17566994817464357
45.0,Travel_Rarely,176.0,Human Resources,4.0,3,Life Sciences,1,1744,3,Female,56,1,3,Human Resources,3,Married,9756,6595,4,Y,No,21,4,3,80,2,9,2,4,5,0,0,3,0.08826896981444905
21.0,Travel_Rarely,1334.0,Research & Development,10.0,3,Life Sciences,1,1079,3,Female,36,2,1,Laboratory Technician,1,Single,1416,17258,1,Y,No,13,3,1,80,0,1,6,2,1,0,1,0,0.5511780727221172
31.0,Travel_Frequently,1445.0,Research & Development,1.0,5,Life Sciences,1,1459,3,Female,100,4,3,Manufacturing Director,2,Single,7446,8931,1,Y,No,11,3,1,80,0,10,2,3,10,8,4,7,0.05008982985765462
50.0,Travel_Rarely,691.0,Research & Development,2.0,3,Medical,1,815,3,Male,64,3,4,Research Director,3,Married,17639,6881,5,Y,No,16,3,4,80,0,30,3,3,4,3,0,3,0.0007861402824557884
37.0,Travel_Rarely,1141.0,Research & Development,11.0,2,Medical,1,1033,1,Female,61,1,2,Healthcare Representative,2,Married,4777,14382,5,Y,No,15,3,1,80,0,15,2,1,1,0,0,0,0.1718231381986137
,Travel_Rarely,556.0,Research & Development,23.0,2,Life Sciences,1,261,2,Male,50,2,2,Manufacturing Director,3,Married,5916,15497,3,Y,Yes,13,3,1,80,0,8,1,3,1,0,0,1,0.5035051423896498
27.0,Travel_Rarely,1130.0,Sales,8.0,4,Marketing,1,458,2,Female,56,3,2,Sales Executive,2,Married,6214,3415,1,Y,No,18,3,1,80,1,8,3,3,8,7,0,7,0.03406072862473151
37.0,Travel_Rarely,783.0,Research & Development,7.0,4,Medical,1,1885,4,Male,78,3,2,Research Scientist,1,Married,4284,13588,5,Y,Yes,22,4,3,80,1,16,2,3,5,3,0,4,0.12689422449531945
,Travel_Rarely,1117.0,Research & Development,8.0,2,Life Sciences,1,395,4,Female,66,3,1,Research Scientist,4,Single,3310,4488,1,Y,No,21,4,4,80,0,5,3,3,5,3,0,2,0.010826830753898972
40.0,Travel_Rarely,898.0,Human Resources,6.0,2,Medical,1,1550,3,Male,38,3,4,Manager,4,Single,16437,17381,1,Y,Yes,21,4,4,80,0,21,2,3,21,7,7,7,0.15760602362789314
36.0,Travel_Rarely,335.0,Sales,17.0,2,Marketing,1,1908,3,Male,33,2,2,Sales Executive,2,Married,5507,16822,2,Y,No,16,3,3,80,2,12,1,1,4,2,1,3,0.17464369488044726
46.0,Travel_Rarely,705.0,Sales,2.0,4,Marketing,1,38,2,Female,83,3,5,Manager,1,Single,18947,22822,3,Y,No,12,3,4,80,0,22,2,2,2,2,2,1,0.08178665150274256
37.0,Travel_Rarely,558.0,Sales,2.0,3,Marketing,1,656,4,Male,75,3,2,Sales Executive,3,Married,9602,3010,4,Y,Yes,11,3,3,80,1,17,3,2,3,0,1,0,0.2591704454422314
,Travel_Rarely,776.0,Sales,1.0,4,Marketing,1,100,3,Male,32,2,2,Sales Executive,1,Single,4312,23016,0,Y,No,14,3,2,80,0,16,2,3,15,13,2,8,0.09078500742897058
29.0,Travel_Rarely,1329.0,Research & Development,7.0,3,Life Sciences,1,1260,3,Male,82,3,2,Healthcare Representative,4,Divorced,6623,4204,1,Y,Yes,11,3,2,80,2,6,2,3,6,0,1,0,0.07882922140379038
55.0,Travel_Rarely,,Research & Development,8.0,3,Medical,1,84,4,Female,33,3,4,Manager,3,Divorced,14756,19730,2,Y,Yes,14,3,3,80,3,21,2,3,5,0,0,2,0.013777812983779412
34.0,Travel_Frequently,426.0,Research & Development,10.0,4,Life Sciences,1,1615,3,Male,42,4,2,Manufacturing Director,4,Divorced,4724,17000,1,Y,No,13,3,1,80,1,9,3,3,9,7,7,2,0.02423368941923076
34.0,Travel_Rarely,1111.0,Sales,8.0,2,Life Sciences,1,808,3,Female,93,3,2,Sales Executive,1,Married,6500,13305,5,Y,No,17,3,2,80,1,6,1,3,3,2,1,2,0.10921953219363818
36.0,Travel_Rarely,363.0,Research & Development,1.0,3,Technical Degree,1,1237,3,Female,77,1,3,Manufacturing Director,1,Divorced,10252,4235,2,Y,Yes,21,4,3,80,1,17,2,3,7,7,7,7,0.2604822637604757
30.0,Travel_Rarely,634.0,Research & Development,17.0,4,Medical,1,1321,2,Female,95,3,3,Manager,1,Married,11916,25927,1,Y,Yes,23,4,4,80,2,9,2,3,9,1,0,8,0.1897810332185842
53.0,Travel_Rarely,1223.0,Research & Development,7.0,2,Medical,1,1201,4,Female,50,3,5,Manager,3,Divorced,18606,18640,3,Y,No,18,3,2,80,1,26,6,3,7,7,4,7,0.0004976082489538338
39.0,Travel_Rarely,141.0,Human Resources,,3,Human Resources,1,760,3,Female,44,4,2,Human Resources,2,Married,6389,18767,9,Y,No,15,3,3,80,1,12,3,1,8,3,3,6,0.2609113014519834
58.0,Travel_Rarely,605.0,Sales,21.0,3,Life Sciences,1,1938,4,Female,72,3,4,Manager,4,Married,17875,11761,4,Y,Yes,13,3,3,80,1,29,2,2,1,0,0,0,0.011187169911090448
,Travel_Rarely,622.0,Sales,13.0,1,Medical,1,645,2,Male,40,3,1,Sales Representative,3,Married,2096,26376,1,Y,No,11,3,3,80,0,7,1,3,7,4,0,6,0.09866049343700396
29.0,Travel_Rarely,408.0,Sales,23.0,1,Life Sciences,1,1165,4,Female,45,2,3,Sales Executive,1,Married,7336,11162,1,Y,No,13,3,1,80,1,11,3,1,11,8,3,10,0.04331656172446612
44.0,Non-Travel,981.0,Research & Development,,3,Life Sciences,1,1471,3,Male,90,2,1,Laboratory Technician,3,Single,3162,7973,3,Y,No,14,3,4,80,0,7,5,3,5,2,0,3,0.06489223474892036
41.0,Travel_Rarely,1206.0,Sales,23.0,2,Life Sciences,1,1678,4,Male,80,3,3,Sales Executive,3,Single,7082,11591,3,Y,Yes,16,3,4,80,0,21,2,3,2,0,0,2,0.13086617075622303
44.0,,1112.0,Human Resources,1.0,4,Life Sciences,1,665,1,Female,50,2,2,Human Resources,3,Single,5985,26894,4,Y,No,11,3,2,80,0,10,1,4,2,2,0,2,0.023184947005855206
32.0,Travel_Rarely,638.0,Research & Development,8.0,2,Medical,1,865,3,Female,91,4,2,Research Scientist,3,Married,5175,22162,5,Y,No,12,3,3,80,1,9,3,2,5,3,1,3,0.020380813650995245
30.0,Travel_Frequently,721.0,Research & Development,1.0,2,Medical,1,57,3,Female,58,3,2,Laboratory Technician,4,Single,4011,10781,1,Y,No,23,4,4,80,0,12,2,3,12,8,3,7,0.04776980006408964
37.0,Travel_Rarely,1115.0,Research & Development,1.0,4,Life Sciences,1,77,1,Male,51,2,2,Manufacturing Director,3,Divorced,5993,2689,1,Y,No,18,3,3,80,1,7,2,4,7,5,0,7,0.013429079806977565
21.0,Travel_Rarely,391.0,Research & Development,15.0,2,Life Sciences,1,30,3,Male,96,3,1,Research Scientist,4,Single,1232,19281,1,Y,No,14,3,4,80,0,0,6,3,0,0,0,0,0.05532971703067004
39.0,Travel_Rarely,119.0,Sales,15.0,4,Marketing,1,1975,2,Male,77,3,4,Sales Executive,1,Single,13341,25098,0,Y,No,12,3,1,80,0,21,3,3,20,8,11,10,0.43247890002364875
30.0,Travel_Rarely,202.0,Sales,2.0,1,Technical Degree,1,508,3,Male,72,3,1,Sales Representative,2,Married,2476,17434,1,Y,No,18,3,1,80,1,1,3,3,1,0,0,0,0.4678274696960669
37.0,Travel_Rarely,1189.0,Sales,,3,Life Sciences,1,152,3,Male,87,3,3,Sales Executive,4,Single,7428,14506,2,Y,No,12,3,1,80,0,12,3,3,5,3,1,3,0.04969506768367762
31.0,Travel_Rarely,1232.0,Research & Development,7.0,4,Medical,1,462,3,Female,39,3,3,Manufacturing Director,4,Single,7143,25713,1,Y,Yes,14,3,3,80,0,11,2,2,11,9,4,10,0.1171860094850473
29.0,,1246.0,Sales,19.0,3,Life Sciences,1,1497,3,Male,77,2,2,Sales Executive,3,Divorced,8620,23757,1,Y,No,14,3,3,80,2,10,3,3,10,7,0,4,0.0007501939790856458
37.0,Non-Travel,1063.0,Research & Development,25.0,5,Medical,1,529,2,Female,72,3,2,Research Scientist,3,Married,4449,23866,3,Y,Yes,15,3,1,80,2,15,2,3,13,11,10,7,0.09200650651906737
47.0,Travel_Rarely,571.0,Sales,14.0,3,Medical,1,1503,3,Female,78,3,2,Sales Executive,3,Married,4591,24200,3,Y,Yes,17,3,3,80,1,11,4,2,5,4,1,2,0.1286159438503218
46.0,Travel_Rarely,1125.0,Sales,10.0,3,Marketing,1,580,3,Female,94,2,3,Sales Executive,4,Married,9071,11563,2,Y,Yes,19,3,3,80,1,15,3,3,3,2,1,2,0.0999986268901888
55.0,Travel_Rarely,452.0,Research & Development,1.0,3,Medical,1,374,4,Male,81,3,5,Manager,1,Single,19045,18938,0,Y,Yes,14,3,3,80,0,37,2,3,36,10,4,13,0.10326945979361553
,Travel_Rarely,950.0,Research & Development,,3,Medical,1,1121,4,Female,93,3,3,Manufacturing Director,2,Divorced,7655,8039,0,Y,No,17,3,2,80,3,10,3,2,9,7,1,7,0.0031928286639373686
49.0,Travel_Rarely,1184.0,Sales,11.0,3,Marketing,1,840,3,Female,43,3,3,Sales Executive,4,,7654,5860,1,Y,No,18,3,1,80,2,9,3,4,9,8,7,7,0.013866358696437481
27.0,Travel_Rarely,1291.0,Sales,11.0,3,Medical,1,1364,3,Female,98,4,1,Sales Representative,4,Married,2534,6527,8,Y,No,14,3,2,80,1,5,4,3,1,0,0,0,0.0942110861896918
48.0,Travel_Rarely,1355.0,Research & Development,4.0,4,Life Sciences,1,1024,3,Male,78,2,3,Healthcare Representative,3,Single,10999,22245,7,Y,No,14,3,2,80,0,27,3,3,15,11,4,8,0.01847810178695578
38.0,Travel_Rarely,770.0,Sales,10.0,4,Marketing,1,1119,3,Male,73,2,3,Sales Executive,3,Divorced,8740,5569,0,Y,Yes,14,3,2,80,2,9,2,3,8,7,2,7,0.12780037915127665
46.0,Non-Travel,1144.0,Research & Development,7.0,4,Medical,1,487,3,Female,30,3,2,Manufacturing Director,3,Married,5258,16044,2,Y,No,14,3,3,80,0,7,2,4,1,0,0,0,0.00514903822594862
32.0,Travel_Frequently,1318.0,Sales,10.0,4,Marketing,1,1853,4,Male,79,3,2,Sales Executive,4,Single,4648,26075,8,Y,No,13,3,3,80,0,4,2,4,0,0,0,0,0.4518645835533841
37.0,Travel_Rarely,397.0,Research & Development,7.0,4,Medical,1,102,1,Male,30,3,3,Research Director,3,Single,13664,25258,4,Y,No,13,3,1,80,0,16,3,4,5,2,0,2,0.04094756282522338
45.0,Travel_Rarely,252.0,Research & Development,1.0,3,Other,1,336,3,Male,70,4,5,Manager,4,Married,19202,15970,0,Y,No,11,3,3,80,1,25,2,3,24,0,1,7,0.009231356679783106
,Travel_Rarely,763.0,Sales,15.0,2,Medical,1,1645,1,Male,59,1,2,Sales Executive,4,Divorced,5440,22098,6,Y,Yes,14,3,4,80,2,7,2,2,2,2,2,2,0.7105141067346633
45.0,Travel_Rarely,1015.0,Research & Development,,5,Medical,1,1611,3,Female,50,1,2,Laboratory Technician,1,Single,5769,23447,1,Y,Yes,14,3,1,80,0,10,3,3,10,7,1,4,0.7525925941790527
31.0,Non-Travel,1188.0,Sales,20.0,2,Marketing,1,947,4,Female,45,3,2,Sales Executive,3,Married,6932,24406,1,Y,No,13,3,4,80,1,9,2,2,9,8,0,0,0.0064413134896592296
30.0,Travel_Rarely,1176.0,Research & Development,20.0,3,Other,1,1084,3,Male,85,3,2,Manufacturing Director,1,Married,9957,9096,0,Y,No,15,3,3,80,1,7,1,2,6,2,0,2,0.050049605194007404
38.0,Travel_Frequently,1490.0,Research & Development,2.0,2,Life Sciences,1,556,4,Male,42,3,1,Laboratory Technician,4,Married,1702,12106,1,Y,Yes,23,4,3,80,1,1,3,3,1,0,0,0,0.2962257392356021
45.0,Travel_Rarely,1316.0,Research & Development,29.0,3,Medical,1,192,3,Male,83,3,1,Research Scientist,4,Single,3452,9752,5,Y,No,13,3,2,80,0,9,2,2,6,5,0,3,0.05746113532267874
59.0,Travel_Frequently,1225.0,Sales,1.0,1,Life Sciences,1,91,1,Female,57,2,2,Sales Executive,3,Single,5473,24668,7,Y,No,11,3,4,80,0,20,2,2,4,3,1,3,0.22556179113436378
29.0,Travel_Rarely,1389.0,Research & Development,21.0,4,Life Sciences,1,20,2,Female,51,4,3,Manufacturing Director,1,Divorced,9980,10195,1,Y,No,11,3,3,80,1,10,1,3,10,9,8,8,0.012592616001544083
49.0,Travel_Rarely,809.0,Research & Development,1.0,3,Life Sciences,1,1677,3,Male,36,3,4,Manager,3,Single,15379,22384,4,Y,No,14,3,1,80,0,23,2,3,8,7,0,0,0.019647036122110006
33.0,Travel_Rarely,1099.0,Research & Development,4.0,4,Medical,1,1502,1,Female,82,2,1,Laboratory Technician,2,Married,3838,8192,8,Y,No,11,3,4,80,0,8,5,3,5,4,0,2,0.2284802564635908
56.0,Travel_Rarely,1255.0,Research & Development,1.0,2,Life Sciences,1,1441,1,Female,90,3,1,Research Scientist,1,Married,2066,10494,2,Y,No,22,4,4,80,1,5,3,4,3,2,1,0,0.020563247504301503
34.0,Travel_Rarely,943.0,Research & Development,9.0,3,Life Sciences,1,1344,4,Male,86,3,3,Healthcare Representative,4,Divorced,8500,5494,0,Y,No,11,3,4,80,1,10,0,2,9,7,1,6,0.0014671061374902181
51.0,Travel_Frequently,968.0,Research & Development,6.0,2,Medical,1,1297,2,Female,40,2,1,Laboratory Technician,3,Single,2838,4257,0,Y,No,14,3,2,80,0,8,6,2,7,0,7,7,0.4543572264293208
53.0,Non-Travel,661.0,Research & Development,1.0,4,Medical,1,1775,1,Female,60,2,4,Manufacturing Director,3,Married,12965,22308,4,Y,Yes,20,4,4,80,3,27,2,2,3,2,0,2,0.02491162068592027
38.0,Travel_Frequently,240.0,Research & Development,2.0,4,Life Sciences,1,803,1,Female,75,4,2,Manufacturing Director,1,Single,5980,26085,6,Y,Yes,12,3,4,80,0,17,2,3,15,7,4,12,0.6824749062697005
19.0,Travel_Rarely,489.0,Human Resources,2.0,2,Technical Degree,1,566,1,Male,52,2,1,Human Resources,4,Single,2564,18437,1,Y,No,12,3,3,80,0,1,3,4,1,0,0,0,0.7127668733323722
,Travel_Rarely,1356.0,Sales,10.0,4,Life Sciences,1,1240,3,Male,57,3,2,Sales Executive,4,Single,4950,20623,0,Y,No,14,3,2,80,0,5,4,3,4,3,1,1,0.07180431247886655
39.0,Travel_Frequently,203.0,Research & Development,2.0,3,Life Sciences,1,1127,1,Male,84,3,4,Healthcare Representative,4,Divorced,12169,13547,7,Y,No,11,3,4,80,3,21,4,3,18,7,11,5,0.07112931923827913
39.0,Travel_Rarely,408.0,Research & Development,2.0,4,Technical Degree,1,721,4,Female,80,2,2,Healthcare Representative,3,Single,4553,20978,1,Y,No,11,3,1,80,0,20,4,3,20,7,11,10,0.13296140450749383
31.0,Travel_Rarely,218.0,Sales,7.0,3,Technical Degree,1,416,2,Male,100,4,2,Sales Executive,4,Married,6929,12241,4,Y,No,11,3,2,80,1,10,3,2,8,7,7,7,0.1311085841700818
29.0,Travel_Frequently,574.0,Research & Development,20.0,1,Medical,1,1852,4,Male,40,3,1,Laboratory Technician,4,Married,3812,7003,1,Y,No,13,3,2,80,0,11,3,4,11,8,3,10,0.01604339615372815
18.0,Non-Travel,1431.0,Research & Development,14.0,3,Medical,1,1839,2,Female,33,3,1,Research Scientist,3,Single,1514,8018,1,Y,No,16,3,3,80,0,0,4,1,0,0,0,0,0.08847584872450043
60.0,Travel_Frequently,1499.0,Sales,28.0,3,Marketing,1,573,3,Female,80,2,3,Sales Executive,1,Married,10266,2845,4,Y,No,19,3,4,80,0,22,5,4,18,13,13,11,0.043012539864704366
33.0,Travel_Frequently,827.0,Research & Development,29.0,4,Medical,1,1101,1,Female,54,2,2,Research Scientist,3,Single,4508,3129,1,Y,No,22,4,2,80,0,14,4,3,13,7,3,8,0.10038303200016421
,Travel_Rarely,1384.0,Research & Development,,4,Medical,1,1177,1,Male,82,4,1,Laboratory Technician,4,Married,4420,13421,1,Y,No,22,4,2,80,1,8,2,3,8,7,0,7,0.018267900654338344
34.0,Travel_Rarely,285.0,Research & Development,29.0,3,Medical,1,1377,2,Male,86,3,2,Laboratory Technician,3,Married,5429,17491,4,Y,No,13,3,1,80,2,10,1,3,8,7,7,7,0.16226308560960953
21.0,Travel_Rarely,996.0,Research & Development,,2,Medical,1,379,4,Male,100,2,1,Research Scientist,3,Single,3230,10531,1,Y,No,17,3,1,80,0,3,4,4,3,2,1,0,0.08929267840142695
31.0,Travel_Frequently,534.0,Research & Development,20.0,3,Life Sciences,1,587,1,Male,66,3,3,Healthcare Representative,3,Married,9824,22908,3,Y,No,12,3,1,80,0,12,2,3,1,0,0,0,0.10374271865634938
42.0,Travel_Rarely,544.0,Human Resources,2.0,1,Technical Degree,1,470,3,Male,52,3,1,Human Resources,3,Divorced,2696,24017,0,Y,Yes,11,3,3,80,1,4,5,3,3,2,1,0,0.4262016483436538
50.0,Travel_Rarely,939.0,Research & Development,24.0,3,Life Sciences,1,1005,4,Male,95,3,4,Manufacturing Director,3,Married,13973,4161,3,Y,Yes,18,3,4,80,1,22,2,3,12,11,1,5,0.007627411763544775
,Travel_Frequently,791.0,Research & Development,1.0,4,Medical,1,1286,4,Male,44,3,1,Laboratory Technician,3,Single,2154,6842,0,Y,Yes,11,3,3,80,0,5,2,2,4,2,0,2,0.7383858132076072
42.0,Travel_Rarely,319.0,Research & Development,24.0,3,Medical,1,605,4,Male,56,3,3,Manufacturing Director,1,Married,7406,6950,1,Y,Yes,21,4,4,80,1,10,5,2,10,9,5,8,0.05139914896317224
36.0,Non-Travel,,Research & Development,1.0,4,Medical,1,1662,4,Female,33,2,2,Manufacturing Director,3,Married,4374,15411,0,Y,No,15,3,3,80,0,4,6,3,3,2,1,2,0.00458831358924549
27.0,Travel_Frequently,994.0,Sales,8.0,3,Life Sciences,1,56,4,Male,37,3,3,Sales Executive,3,Single,8726,2975,1,Y,No,15,3,4,80,0,9,0,3,9,8,1,7,0.04981990729704607
49.0,Travel_Rarely,465.0,Research & Development,6.0,1,Life Sciences,1,1661,3,Female,41,2,4,Healthcare Representative,3,Married,13966,11652,2,Y,Yes,19,3,2,80,1,30,3,3,15,11,2,12,0.004053634044874754
32.0,Non-Travel,953.0,Research & Development,,4,Technical Degree,1,1764,2,Male,65,3,1,Research Scientist,2,Single,2718,17674,2,Y,No,14,3,2,80,0,12,3,3,7,7,0,7,0.061726217667621715
54.0,Travel_Frequently,928.0,Research & Development,20.0,4,Life Sciences,1,450,4,Female,31,3,2,Research Scientist,3,Single,4869,16885,3,Y,No,12,3,4,80,0,20,4,2,4,3,0,3,0.015296631019029493
21.0,Travel_Frequently,251.0,Research & Development,10.0,2,Life Sciences,1,1279,1,Female,45,2,1,Laboratory Technician,3,Single,2625,25308,1,Y,No,20,4,3,80,0,2,2,1,2,2,2,2,0.7444651366050961
32.0,Travel_Rarely,827.0,Research & Development,1.0,1,Life Sciences,1,134,4,Male,71,3,1,Research Scientist,1,Single,2956,15178,1,Y,No,13,3,4,80,0,1,2,3,1,0,0,0,0.11562252142035295
,Travel_Rarely,240.0,Sales,,3,Marketing,1,142,3,Male,46,2,2,Sales Executive,3,Single,5744,26959,1,Y,Yes,11,3,4,80,0,6,1,3,6,4,0,3,0.7041499155773041
32.0,Travel_Rarely,,Sales,7.0,3,Life Sciences,1,420,4,Male,91,2,2,Sales Executive,3,Married,5484,16985,1,Y,No,14,3,3,80,1,13,3,2,13,8,4,8,0.02250002503765396
46.0,Travel_Rarely,377.0,Sales,9.0,3,Marketing,1,1457,1,Male,52,3,3,Sales Executive,4,Divorced,10096,15986,4,Y,No,11,3,1,80,1,28,1,4,7,7,4,3,0.012733479260927801
56.0,Travel_Rarely,713.0,Research & Development,8.0,3,Life Sciences,1,241,3,Female,67,3,1,Research Scientist,1,Divorced,4257,13939,4,Y,Yes,18,3,3,80,1,19,3,3,2,2,2,2,0.055885619573969786
32.0,Travel_Rarely,515.0,Research & Development,1.0,3,Life Sciences,1,331,4,Male,62,2,1,Laboratory Technician,3,Single,3730,9571,0,Y,Yes,14,3,4,80,0,4,2,1,3,2,1,2,0.697272887524607
39.0,Travel_Rarely,1498.0,Sales,21.0,4,Life Sciences,1,1390,1,Male,44,2,2,Sales Executive,4,Married,6120,3567,3,Y,Yes,12,3,4,80,2,8,2,4,5,4,1,4,0.18630503937656084
,Travel_Rarely,688.0,Research & Development,,3,Medical,1,538,1,Male,91,3,1,Laboratory Technician,1,Married,4031,9396,5,Y,No,13,3,3,80,1,6,5,3,2,2,0,2,0.26944199656369666
31.0,Travel_Rarely,1003.0,Sales,,3,Technical Degree,1,1749,1,Male,51,3,2,Sales Executive,3,Married,8346,20943,1,Y,No,19,3,3,80,1,6,3,3,5,2,0,2,0.2037379509912539
22.0,Travel_Rarely,594.0,Research & Development,2.0,1,Technical Degree,1,169,3,Male,100,3,1,Laboratory Technician,4,Married,2523,19299,0,Y,No,14,3,3,80,1,3,2,3,2,1,2,1,0.16530401214808543
46.0,Travel_Rarely,430.0,Research & Development,1.0,4,Medical,1,1069,4,Male,40,3,5,Research Director,4,Divorced,19627,21445,9,Y,No,17,3,4,80,2,23,0,3,2,2,2,2,0.0027576710655264954
32.0,Travel_Rarely,1062.0,Research & Development,2.0,3,Medical,1,471,3,Female,75,3,1,Laboratory Technician,2,Married,2370,3956,1,Y,No,13,3,3,80,1,8,4,3,8,0,0,7,0.042363257107010076
38.0,Travel_Rarely,903.0,Research & Development,2.0,3,Medical,1,1573,3,Male,81,3,2,Manufacturing Director,2,Married,4855,7653,4,Y,No,11,3,1,80,2,7,2,3,5,2,1,4,0.05216153153585031
34.0,Travel_Rarely,258.0,Sales,21.0,4,Life Sciences,1,621,4,Male,74,4,2,Sales Executive,4,Single,5337,19921,1,Y,No,12,3,4,80,0,10,3,3,10,7,5,7,0.01920548223148255
45.0,Non-Travel,589.0,Sales,2.0,4,Life Sciences,1,1845,3,Female,67,3,2,Sales Executive,3,Married,5154,19665,4,Y,No,22,4,2,80,2,10,3,4,8,7,5,7,0.005422768852512043
49.0,Travel_Rarely,464.0,Research & Development,16.0,3,Medical,1,1674,4,Female,74,3,1,Laboratory Technician,1,Divorced,2587,24941,4,Y,Yes,16,3,2,80,1,17,2,2,2,2,2,2,0.24271081769394018
34.0,Travel_Rarely,1157.0,Research & Development,,2,Medical,1,1696,2,Male,57,2,2,Laboratory Technician,4,Married,3986,11912,1,Y,No,14,3,3,80,1,15,3,4,15,10,4,13,0.01230710456092503
30.0,Travel_Rarely,946.0,Research & Development,2.0,3,Medical,1,833,3,Female,52,2,2,Manufacturing Director,4,Single,6877,20234,5,Y,Yes,24,4,2,80,0,12,4,2,0,0,0,0,0.38065683767341457
30.0,,125.0,Research & Development,9.0,2,Medical,1,41,4,Male,83,2,1,Laboratory Technician,3,Single,2206,16117,1,Y,No,13,3,1,80,0,10,5,3,10,0,1,8,0.015046032240496497
39.0,Travel_Rarely,835.0,Research & Development,19.0,4,Other,1,1871,4,Male,41,3,2,Research Scientist,4,Divorced,3902,5141,8,Y,No,14,3,2,80,3,7,2,3,2,2,2,2,0.025376337277290023
50.0,Travel_Rarely,1099.0,Research & Development,29.0,4,Life Sciences,1,569,2,Male,88,2,4,Manager,3,Married,17046,9314,0,Y,No,15,3,2,80,1,28,2,3,27,10,15,7,0.05064114925098958
,Travel_Rarely,1296.0,Research & Development,,4,Technical Degree,1,464,3,Male,62,3,3,Manufacturing Director,2,Single,8095,18264,0,Y,No,13,3,4,80,0,17,5,3,16,6,0,13,0.03578421263271046
37.0,Travel_Rarely,1319.0,Research & Development,6.0,3,Medical,1,474,3,Male,51,4,2,Research Scientist,1,Divorced,5974,17001,4,Y,Yes,13,3,1,80,2,13,2,3,7,7,6,7,0.13431073063695081
40.0,Travel_Rarely,1137.0,Research & Development,1.0,4,Life Sciences,1,1892,1,Male,98,3,4,Manager,1,Divorced,16823,18991,2,Y,No,11,3,1,80,1,22,3,3,19,7,11,16,0.057208448622978754
,Travel_Rarely,1490.0,Research & Development,11.0,4,Medical,1,2003,4,Male,43,3,1,Laboratory Technician,3,Married,2660,20232,7,Y,Yes,11,3,3,80,1,5,3,3,2,2,2,2,0.5790512051787733
24.0,Travel_Rarely,477.0,Research & Development,24.0,3,Medical,1,1173,4,Male,49,3,1,Laboratory Technician,2,Single,3597,6409,8,Y,No,22,4,4,80,0,6,2,3,4,3,1,2,0.3512227658836598
32.0,Travel_Rarely,1018.0,Research & Development,2.0,4,Medical,1,439,1,Female,74,4,2,Research Scientist,4,Single,5055,10557,7,Y,No,16,3,3,80,0,10,0,2,7,7,0,7,0.06618064903397032
34.0,Travel_Rarely,1440.0,Sales,7.0,2,Technical Degree,1,1541,2,Male,55,3,1,Sales Representative,3,Married,2308,4944,0,Y,Yes,25,4,2,80,1,12,4,3,11,10,5,7,0.30713313536608283
34.0,Travel_Rarely,1351.0,Research & Development,1.0,4,Life Sciences,1,1580,2,Male,45,3,2,Research Scientist,4,Married,5484,13008,9,Y,No,17,3,2,80,1,9,3,2,2,2,2,1,0.13675309893518955
57.0,Travel_Rarely,334.0,Research & Development,24.0,2,Life Sciences,1,223,3,Male,83,4,3,Healthcare Representative,4,Divorced,9439,23402,3,Y,Yes,16,3,2,80,1,12,2,1,5,3,1,4,0.03543692124373416
41.0,Travel_Rarely,796.0,Sales,4.0,1,Marketing,1,1815,3,Female,81,3,3,Sales Executive,3,Divorced,10447,26458,0,Y,Yes,13,3,4,80,1,23,3,4,22,14,13,5,0.047511380197333045
24.0,Travel_Frequently,567.0,Research & Development,2.0,1,Technical Degree,1,1646,1,Female,32,3,1,Research Scientist,4,Single,3760,17218,1,Y,Yes,13,3,3,80,0,6,2,3,6,3,1,3,0.8066673245085719
56.0,Travel_Rarely,1369.0,Research & Development,23.0,3,Life Sciences,1,1373,4,Male,68,3,4,Manufacturing Director,2,Married,13402,18235,4,Y,Yes,12,3,1,80,1,33,0,3,19,16,15,9,0.045233710045497276
,Travel_Rarely,304.0,Sales,9.0,4,Life Sciences,1,498,2,Male,92,3,2,Sales Executive,4,Single,5253,20750,1,Y,No,16,3,4,80,0,7,1,3,7,5,0,7,0.06697624476660947
42.0,Travel_Rarely,532.0,Research & Development,4.0,2,Technical Degree,1,319,3,Male,58,3,5,Manager,4,Married,19232,4933,1,Y,No,11,3,4,80,0,22,3,3,22,17,11,15,0.004138151649024442
39.0,Travel_Rarely,1089.0,Research & Development,6.0,3,Life Sciences,1,1525,2,Female,32,3,3,Manufacturing Director,2,Single,8376,9150,4,Y,No,18,3,4,80,0,9,3,3,2,0,2,2,0.10406894604437048
,Travel_Rarely,1232.0,Sales,16.0,3,Marketing,1,406,3,Male,96,3,3,Sales Executive,2,Married,8020,5100,0,Y,No,15,3,3,80,2,12,3,2,11,9,6,9,0.027979157799878456
27.0,Non-Travel,443.0,Research & Development,,3,Medical,1,850,4,Male,50,3,1,Research Scientist,4,Married,1706,16571,1,Y,No,11,3,3,80,3,0,6,2,0,0,0,0,0.007720779833663457
40.0,Travel_Rarely,448.0,Research & Development,16.0,3,Life Sciences,1,1641,3,Female,84,3,3,Manufacturing Director,4,Single,7945,19948,6,Y,Yes,15,3,4,80,0,18,2,2,4,2,3,3,0.2516838936018644
50.0,Travel_Rarely,1046.0,Research & Development,10.0,3,Technical Degree,1,491,4,Male,100,2,3,Healthcare Representative,4,Single,10496,2755,6,Y,No,15,3,4,80,0,20,2,3,4,3,1,3,0.02989227173197142
46.0,Travel_Rarely,261.0,Research & Development,21.0,2,Medical,1,1821,4,Female,66,3,2,Healthcare Representative,2,Married,8926,10842,4,Y,No,22,4,4,80,1,13,2,4,9,7,3,7,0.001991292002764166
,Travel_Rarely,857.0,Research & Development,10.0,3,Other,1,1097,3,Female,59,3,2,Research Scientist,3,Single,3660,7909,3,Y,No,13,3,4,80,0,10,4,4,8,7,1,7,0.010588184502394363
40.0,Travel_Rarely,1194.0,Research & Development,1.0,3,Life Sciences,1,1822,3,Female,52,3,2,Healthcare Representative,4,Divorced,6513,9060,4,Y,No,17,3,4,80,1,12,3,3,5,3,0,3,0.002026744850363605
59.0,Travel_Rarely,1435.0,Sales,25.0,3,Life Sciences,1,81,1,Female,99,3,3,Sales Executive,1,Single,7637,2354,7,Y,No,11,3,4,80,0,28,3,2,21,16,7,9,0.04403508883957282
29.0,Travel_Rarely,332.0,Human Resources,17.0,3,Other,1,1419,2,Male,51,2,3,Human Resources,1,Single,7988,9769,1,Y,No,13,3,1,80,0,10,3,2,10,9,0,9,0.3055015283935888
42.0,Travel_Rarely,557.0,Research & Development,18.0,4,Life Sciences,1,1998,4,Male,35,3,2,Research Scientist,1,Divorced,5410,11189,6,Y,Yes,17,3,3,80,1,9,3,2,4,3,1,2,0.29068515360188724
,Travel_Rarely,1083.0,Research & Development,29.0,1,Life Sciences,1,1514,3,Male,96,1,2,Manufacturing Director,2,Married,6549,3173,1,Y,No,14,3,2,80,2,8,2,2,8,6,1,7,0.039827811261811896
44.0,Non-Travel,111.0,Research & Development,17.0,3,Life Sciences,1,1206,4,Male,74,1,1,Research Scientist,3,Single,2290,4279,2,Y,No,13,3,4,80,0,6,3,3,0,0,0,0,0.03884682575394402
48.0,Travel_Rarely,969.0,Research & Development,2.0,2,Technical Degree,1,1258,4,Male,76,4,1,Laboratory Technician,2,Single,2559,16620,5,Y,No,11,3,3,80,0,7,4,2,1,0,0,0,0.3865509845190035
42.0,Travel_Frequently,570.0,Research & Development,8.0,3,Life Sciences,1,809,2,Male,66,3,5,Manager,4,Divorced,18430,16225,1,Y,No,13,3,2,80,1,24,4,2,24,7,14,9,0.07885530595159664
,Travel_Rarely,817.0,Research & Development,1.0,3,Medical,1,1369,4,Female,60,2,2,Laboratory Technician,4,Married,5363,10846,0,Y,No,12,3,2,80,1,10,0,3,9,7,0,0,0.018224687665673627
38.0,Travel_Rarely,1261.0,Research & Development,2.0,4,Life Sciences,1,271,4,Male,88,3,2,Manufacturing Director,3,Married,6553,7259,9,Y,No,14,3,2,80,0,14,3,3,1,0,0,0,0.03906461101252472
44.0,Non-Travel,381.0,Research & Development,24.0,3,Medical,1,744,1,Male,49,1,1,Laboratory Technician,3,Single,3708,2104,2,Y,No,14,3,3,80,0,9,5,3,5,2,1,4,0.18604749840189225
,Travel_Frequently,1182.0,Sales,11.0,2,Marketing,1,1137,4,Male,54,3,2,Sales Executive,4,Divorced,4968,18500,1,Y,No,11,3,4,80,1,5,3,3,5,2,0,2,0.03642226321383799
34.0,Travel_Rarely,131.0,Sales,2.0,3,Marketing,1,1281,3,Female,86,3,2,Sales Executive,1,Single,4538,6039,0,Y,Yes,12,3,4,80,0,4,3,3,3,2,0,2,0.5125589119515727
41.0,Travel_Rarely,314.0,Human Resources,1.0,3,Human Resources,1,734,4,Male,59,2,5,Manager,3,Married,19189,19562,1,Y,No,12,3,2,80,1,22,3,3,22,7,2,10,0.009725602455136992
53.0,Travel_Rarely,970.0,Research & Development,7.0,3,Life Sciences,1,730,3,Male,59,4,4,Research Director,3,Married,14814,13514,3,Y,No,19,3,3,80,0,32,3,3,5,1,1,3,0.0005887738777800719
33.0,Travel_Rarely,924.0,Research & Development,2.0,3,Medical,1,39,3,Male,78,3,1,Laboratory Technician,4,Single,2496,6670,4,Y,No,11,3,4,80,0,7,3,3,1,1,0,0,0.11521435858809184
,Travel_Frequently,853.0,Sales,18.0,5,Life Sciences,1,74,2,Male,71,3,3,Sales Executive,1,Married,9069,11031,1,Y,No,22,4,4,80,1,9,3,2,9,8,1,8,0.06605898706193994
,Non-Travel,786.0,Research & Development,7.0,3,Medical,1,1693,4,Male,76,3,1,Laboratory Technician,4,Single,2570,11925,1,Y,No,20,4,3,80,0,7,5,3,7,7,5,7,0.014942687764857776
42.0,Travel_Frequently,748.0,Research & Development,9.0,2,Medical,1,1480,1,Female,74,3,1,Laboratory Technician,4,Single,3673,16458,1,Y,No,13,3,3,80,0,12,3,3,12,9,5,8,0.10875320660630673
60.0,Travel_Rarely,422.0,Research & Development,7.0,3,Life Sciences,1,549,1,Female,41,3,5,Manager,1,Married,19566,3854,5,Y,No,11,3,4,80,0,33,5,1,29,8,11,10,0.08195686811341332
42.0,Travel_Frequently,288.0,Research & Development,2.0,3,Life Sciences,1,1547,4,Male,40,3,3,Healthcare Representative,4,Married,10124,18611,2,Y,Yes,14,3,3,80,1,24,3,1,20,8,13,9,0.20620639920662018
34.0,Travel_Frequently,296.0,Sales,6.0,2,Marketing,1,555,4,Female,33,1,1,Sales Representative,3,Divorced,2351,12253,0,Y,No,16,3,4,80,1,3,3,2,2,2,1,0,0.19954436321968377
,Travel_Rarely,882.0,Research & Development,19.0,1,Medical,1,1358,4,Male,67,3,1,Laboratory Technician,4,Married,3669,9075,3,Y,No,11,3,3,80,3,7,6,2,3,2,1,2,0.024554886375848933
38.0,Travel_Rarely,130.0,Sales,2.0,2,Marketing,1,1125,4,Male,32,3,3,Sales Executive,2,Single,7351,20619,7,Y,No,16,3,3,80,0,10,2,3,1,0,0,0,0.3611846147843353
31.0,Non-Travel,325.0,Research & Development,,3,Medical,1,2057,2,Male,74,3,2,Manufacturing Director,1,Single,9936,3787,0,Y,No,19,3,2,80,0,10,2,3,9,4,1,7,0.04997832249647141
30.0,Non-Travel,1116.0,Research & Development,2.0,3,Medical,1,571,3,Female,49,3,1,Laboratory Technician,4,Single,2564,7181,0,Y,No,14,3,3,80,0,12,2,2,11,7,6,7,0.026986262088378114
36.0,Non-Travel,845.0,Sales,1.0,5,Medical,1,479,4,Female,45,3,2,Sales Executive,4,Single,6653,15276,4,Y,No,15,3,2,80,0,7,6,3,1,0,0,0,0.024569595944615066
40.0,Travel_Rarely,1202.0,Research & Development,2.0,1,Medical,1,1375,2,Female,89,4,2,Healthcare Representative,3,Divorced,6377,13888,5,Y,No,20,4,2,80,3,15,0,3,12,11,11,8,0.0043377960664821545
31.0,Travel_Rarely,106.0,Human Resources,2.0,3,Human Resources,1,424,1,Male,62,2,2,Human Resources,1,Married,6410,17822,3,Y,No,12,3,4,80,0,9,1,3,2,2,1,0,0.4323875536914755
49.0,Travel_Rarely,1490.0,Research & Development,7.0,4,Life Sciences,1,1484,3,Male,35,3,3,Healthcare Representative,2,Divorced,10466,20948,3,Y,No,14,3,2,80,2,29,3,3,8,7,0,7,0.0007796859068509037
44.0,Non-Travel,489.0,Research & Development,23.0,3,Medical,1,132,2,Male,67,3,2,Laboratory Technician,2,Married,2042,25043,4,Y,No,12,3,3,80,1,17,3,4,3,2,1,2,0.02373078369709784
24.0,Travel_Frequently,1287.0,Research & Development,7.0,3,Life Sciences,1,647,1,Female,55,3,1,Laboratory Technician,3,Married,2886,14168,1,Y,Yes,16,3,4,80,1,6,4,3,6,3,1,2,0.5227585993211962
37.0,Non-Travel,728.0,Research & Development,1.0,4,Medical,1,380,1,Female,80,3,3,Research Director,4,Divorced,13603,11677,2,Y,Yes,18,3,1,80,2,15,2,3,5,2,0,2,0.011047488812714733
29.0,Travel_Frequently,115.0,Sales,13.0,3,Technical Degree,1,1487,1,Female,51,3,2,Sales Executive,2,Single,5765,17485,5,Y,No,11,3,1,80,0,7,4,1,5,3,0,0,0.8979579306937621
38.0,Travel_Frequently,508.0,Research & Development,6.0,4,Life Sciences,1,1997,1,Male,72,2,2,Manufacturing Director,3,Married,5321,14284,2,Y,No,11,3,4,80,1,10,1,3,8,3,7,7,0.21338943136718486
27.0,Travel_Rarely,1103.0,Research & Development,14.0,3,Life Sciences,1,1244,1,Male,42,3,1,Research Scientist,1,Married,2235,14377,1,Y,Yes,14,3,4,80,2,9,3,2,9,7,6,8,0.37401142799343184
30.0,Travel_Rarely,855.0,Sales,7.0,4,Marketing,1,1428,4,Female,73,3,2,Sales Executive,1,Divorced,4779,12761,7,Y,No,14,3,2,80,2,8,3,3,3,2,0,2,0.09084234226367649
32.0,Travel_Rarely,824.0,Research & Development,,2,Life Sciences,1,1555,4,Female,67,2,2,Research Scientist,2,Married,5878,15624,3,Y,No,12,3,1,80,1,12,2,3,7,1,2,5,0.045431815401473764
,Non-Travel,1212.0,Sales,8.0,2,Marketing,1,1243,3,Female,78,2,3,Sales Executive,4,Married,10377,13755,4,Y,Yes,11,3,2,80,1,16,6,2,13,2,4,12,0.16076727240102956
33.0,Travel_Rarely,461.0,Research & Development,13.0,1,Life Sciences,1,995,2,Female,53,3,1,Research Scientist,4,Single,3452,17241,3,Y,No,18,3,1,80,0,5,4,3,3,2,0,2,0.06960369726636836
40.0,,720.0,Research & Development,16.0,4,Medical,1,832,1,Male,51,2,2,Laboratory Technician,3,Single,5094,11983,6,Y,No,14,3,4,80,0,10,6,3,1,0,0,0,0.03590074485069992
31.0,Travel_Rarely,1365.0,Sales,13.0,4,Medical,1,650,2,Male,46,3,2,Sales Executive,1,Divorced,4233,11512,2,Y,No,17,3,3,80,0,9,2,1,3,1,1,2,0.1552224781138246
45.0,Travel_Frequently,364.0,Research & Development,25.0,3,Medical,1,1306,2,Female,83,3,5,Manager,2,Single,18061,13035,3,Y,No,22,4,3,80,0,22,4,3,0,0,0,0,0.035603242784530524
34.0,,937.0,Sales,1.0,3,Marketing,1,1950,1,Male,32,3,3,Sales Executive,4,Single,9888,6770,1,Y,No,21,4,1,80,0,14,3,2,14,8,2,1,0.009992605795188896
42.0,Travel_Rarely,188.0,Research & Development,29.0,3,Medical,1,1148,2,Male,56,1,2,Laboratory Technician,4,Single,4272,9558,4,Y,No,19,3,1,80,0,16,3,3,1,0,0,0,0.3360723250698446
39.0,Travel_Rarely,170.0,Research & Development,,2,Medical,1,1627,3,Male,76,2,2,Laboratory Technician,3,Divorced,3069,10302,0,Y,No,15,3,4,80,1,11,3,3,10,8,0,7,0.008773513088194494
56.0,Non-Travel,667.0,Research & Development,1.0,4,Life Sciences,1,2026,3,Male,57,3,2,Healthcare Representative,3,Divorced,6306,26236,1,Y,No,21,4,1,80,1,13,2,2,13,12,1,9,0.0007019412284238816
,Travel_Rarely,1219.0,Research & Development,4.0,1,Technical Degree,1,1106,4,Male,32,3,1,Laboratory Technician,4,Married,3691,4605,1,Y,Yes,15,3,2,80,1,7,3,4,7,7,5,6,0.2317241759570513
59.0,Travel_Rarely,715.0,Research & Development,2.0,3,Life Sciences,1,1032,3,Female,69,2,4,Manufacturing Director,4,Single,13726,21829,3,Y,Yes,13,3,1,80,0,30,4,3,5,3,4,3,0.0641065186033651
44.0,Travel_Rarely,1315.0,Research & Development,,4,Other,1,671,4,Male,35,3,5,Manager,4,Married,19513,9358,4,Y,Yes,12,3,1,80,1,26,2,4,2,2,0,1,0.014543250485403017
33.0,Travel_Rarely,465.0,Research & Development,2.0,2,Life Sciences,1,328,1,Female,39,3,1,Laboratory Technician,1,Married,2707,21509,7,Y,No,20,4,1,80,0,13,3,4,9,7,1,7,0.12571811903903668
34.0,Travel_Frequently,648.0,Human Resources,11.0,3,Life Sciences,1,1289,3,Male,56,2,2,Human Resources,2,Married,4490,21833,4,Y,No,11,3,4,80,2,14,5,4,10,9,1,8,0.048853850924293
,Travel_Rarely,1146.0,Sales,8.0,3,Technical Degree,1,796,4,Male,38,2,2,Sales Executive,1,Single,5326,3064,6,Y,No,17,3,3,80,0,6,2,2,4,3,1,2,0.7408741950503606
44.0,Travel_Rarely,1199.0,Research & Development,4.0,2,Life Sciences,1,1288,3,Male,92,4,5,Manager,1,Divorced,19190,17477,1,Y,No,14,3,4,80,2,26,4,2,25,9,14,13,0.012480334936791022
37.0,Travel_Rarely,482.0,Research & Development,,3,Other,1,689,3,Male,36,3,3,Manufacturing Director,3,Married,9434,9606,1,Y,No,15,3,3,80,1,10,2,3,10,7,7,8,0.01642256880621907
54.0,Travel_Rarely,157.0,Research & Development,10.0,3,Medical,1,1980,3,Female,77,3,2,Manufacturing Director,1,Single,4440,25198,6,Y,Yes,19,3,4,80,0,9,3,3,5,2,1,4,0.5062657746196084
34.0,Travel_Rarely,1303.0,Research & Development,2.0,4,Life Sciences,1,579,4,Male,62,2,1,Research Scientist,3,Divorced,2768,8416,3,Y,No,12,3,3,80,1,14,3,3,7,3,5,7,0.014996778140254617
36.0,Travel_Frequently,,Research & Development,6.0,4,Life Sciences,1,1594,1,Male,80,4,2,Laboratory Technician,1,Married,5562,19711,3,Y,Yes,13,3,4,80,1,9,3,3,3,2,0,2,0.6947874186645786
40.0,Non-Travel,1151.0,Research & Development,9.0,5,Life Sciences,1,287,4,Male,63,2,2,Healthcare Representative,4,Married,4876,14242,9,Y,No,14,3,4,80,1,5,5,1,3,2,0,2,0.023057265001642863
49.0,Travel_Frequently,1023.0,Sales,2.0,3,Medical,1,2065,4,Male,63,2,2,Sales Executive,2,Married,5390,13243,2,Y,No,14,3,4,80,0,17,3,2,9,6,0,8,0.02246766649703054
39.0,Non-Travel,439.0,Research & Development,9.0,3,Life Sciences,1,1132,3,Male,70,3,2,Laboratory Technician,2,Single,6782,8770,9,Y,No,15,3,3,80,0,9,2,2,5,4,0,3,0.2841004002987968
41.0,Travel_Rarely,427.0,Human Resources,10.0,4,Human Resources,1,731,2,Male,73,2,5,Manager,4,Divorced,19141,8861,3,Y,No,15,3,2,80,3,23,2,2,21,6,12,6,0.08553344758771916
52.0,Non-Travel,771.0,Sales,2.0,4,Life Sciences,1,329,1,Male,79,2,5,Manager,3,Single,19068,21030,1,Y,Yes,18,3,4,80,0,33,2,4,33,7,15,12,0.47332007362183187
31.0,Travel_Rarely,655.0,Research & Development,7.0,4,Life Sciences,1,76,4,Male,48,3,2,Laboratory Technician,4,Divorced,5915,9528,3,Y,No,22,4,4,80,1,10,3,2,7,7,1,7,0.007429014056831336
40.0,Travel_Rarely,369.0,Research & Development,8.0,2,Life Sciences,1,1724,2,Female,92,3,2,Manufacturing Director,1,Married,6516,5041,2,Y,Yes,16,3,2,80,1,18,3,3,1,0,0,0,0.11074909768268595
30.0,Travel_Rarely,1275.0,Research & Development,28.0,2,Medical,1,441,4,Female,64,3,2,Research Scientist,4,Married,5775,11934,1,Y,No,13,3,4,80,2,11,2,3,10,8,1,9,0.0012646109811450677
29.0,Travel_Rarely,1283.0,Research & Development,23.0,3,Life Sciences,1,495,4,Male,54,3,1,Research Scientist,4,Single,2201,18168,9,Y,No,16,3,4,80,0,6,4,3,3,2,1,2,0.11340334084259278
58.0,Travel_Rarely,289.0,Research & Development,2.0,3,Technical Degree,1,977,4,Male,51,3,1,Research Scientist,3,Single,2479,26227,4,Y,No,24,4,1,80,0,7,4,3,1,0,0,0,0.18130146069521583
40.0,Travel_Frequently,1469.0,Research & Development,9.0,4,Medical,1,964,4,Male,35,3,1,Research Scientist,2,Divorced,3617,25063,8,Y,Yes,14,3,4,80,1,3,2,3,1,1,0,0,0.5487179479274995
43.0,Travel_Rarely,1291.0,Research & Development,15.0,2,Life Sciences,1,1666,3,Male,65,2,4,Research Director,3,Married,17603,3525,1,Y,No,24,4,1,80,1,14,3,3,14,10,6,11,0.0023387639009773884
37.0,Travel_Rarely,342.0,Sales,16.0,4,Marketing,1,868,4,Male,66,2,2,Sales Executive,3,Divorced,6334,24558,4,Y,No,19,3,4,80,2,9,2,3,1,0,0,0,0.067615464923116
30.0,Travel_Rarely,1465.0,Research & Development,1.0,3,Medical,1,1241,4,Male,63,3,1,Research Scientist,2,Married,3579,9369,0,Y,Yes,21,4,1,80,1,12,2,3,11,9,5,7,0.05837088026198804
30.0,Non-Travel,990.0,Research & Development,7.0,3,Technical Degree,1,1482,3,Male,64,3,1,Research Scientist,3,Divorced,1274,7152,1,Y,No,13,3,2,80,2,1,2,2,1,0,0,0,0.05157148138573472
34.0,Travel_Frequently,,Research & Development,10.0,4,Technical Degree,1,1597,4,Male,92,2,2,Healthcare Representative,3,Married,5063,15332,1,Y,No,14,3,2,80,1,8,3,2,8,2,7,7,0.2418194611172973
33.0,Travel_Frequently,1111.0,Sales,,1,Life Sciences,1,1395,2,Male,61,3,2,Sales Executive,4,Married,9998,19293,6,Y,No,13,3,1,80,0,8,2,4,5,4,1,2,0.1298016191219324
49.0,Travel_Rarely,527.0,Research & Development,8.0,2,Other,1,944,1,Female,51,3,3,Laboratory Technician,2,Married,7403,22477,4,Y,No,11,3,3,80,1,29,3,2,26,9,1,7,0.05410037959859472
50.0,Travel_Rarely,854.0,Sales,1.0,4,Medical,1,323,4,Female,68,3,5,Manager,4,Divorced,19517,24118,3,Y,No,11,3,3,80,1,32,3,2,7,0,0,6,0.0009860507661303573
30.0,Non-Travel,1398.0,Sales,22.0,4,Other,1,567,3,Female,69,3,3,Sales Executive,1,Married,8412,2890,0,Y,No,11,3,3,80,0,10,3,3,9,8,7,8,0.008847428379620359
,Travel_Frequently,138.0,Research & Development,2.0,3,Medical,1,269,2,Female,37,3,2,Laboratory Technician,2,Single,4425,15986,5,Y,No,11,3,4,80,0,10,5,3,6,2,1,2,0.47255846074490426
47.0,Non-Travel,543.0,Sales,2.0,4,Marketing,1,1731,3,Male,87,3,2,Sales Executive,2,Married,4978,3536,7,Y,No,11,3,4,80,1,4,3,1,1,0,0,0,0.15697616112485793
,Travel_Rarely,1214.0,Research & Development,1.0,3,Medical,1,105,2,Male,30,2,1,Research Scientist,3,Single,2859,26278,1,Y,No,18,3,1,80,0,6,3,3,6,4,0,4,0.17609140296155495
49.0,Travel_Frequently,1064.0,Research & Development,2.0,1,Life Sciences,1,1941,2,Male,42,3,5,Research Director,4,Married,19161,13738,3,Y,No,15,3,4,80,0,28,3,3,5,4,4,3,0.0019294087654863857
43.0,Travel_Rarely,990.0,Research & Development,27.0,3,Technical Degree,1,1599,4,Male,87,4,1,Laboratory Technician,2,Divorced,4876,5855,5,Y,No,12,3,3,80,1,8,0,3,6,4,0,2,0.09228927351476683
34.0,Travel_Frequently,658.0,Research & Development,7.0,3,Life Sciences,1,147,1,Male,66,1,2,Laboratory Technician,3,Single,6074,22887,1,Y,Yes,24,4,4,80,0,9,3,3,9,7,0,6,0.7975628944035202
30.0,Travel_Rarely,979.0,Sales,15.0,2,Marketing,1,1754,3,Male,94,2,3,Sales Executive,1,Divorced,7140,3088,2,Y,No,11,3,1,80,1,12,2,3,7,7,1,7,0.04188393618766841
31.0,Travel_Rarely,1112.0,Sales,,4,Life Sciences,1,1673,1,Female,67,3,2,Sales Executive,4,Married,5476,22589,1,Y,No,11,3,1,80,2,10,2,3,10,0,0,2,0.08078822831986758
46.0,Travel_Rarely,991.0,Human Resources,1.0,2,Life Sciences,1,1314,4,Female,44,3,1,Human Resources,1,Single,3423,22957,6,Y,No,12,3,3,80,0,10,3,4,7,6,5,7,0.15104479614296662
43.0,Travel_Rarely,177.0,Research & Development,8.0,3,Life Sciences,1,920,1,Female,55,3,2,Manufacturing Director,2,Divorced,4765,23814,4,Y,No,21,4,3,80,1,4,2,4,1,0,0,0,0.04074736651053922
39.0,Non-Travel,792.0,Research & Development,1.0,3,Life Sciences,1,1737,4,Male,77,3,2,Laboratory Technician,4,Married,6472,8989,1,Y,Yes,15,3,4,80,1,9,2,3,9,8,5,8,0.032208119237491686
41.0,Travel_Rarely,918.0,Sales,6.0,3,Marketing,1,1708,4,Male,35,3,3,Sales Executive,3,Single,9241,15869,1,Y,No,12,3,2,80,0,10,3,3,10,8,8,7,0.08879645412687318
52.0,Non-Travel,715.0,Research & Development,19.0,4,Medical,1,791,4,Male,41,3,1,Research Scientist,4,Married,4258,26589,0,Y,No,18,3,1,80,1,5,3,3,4,3,1,2,0.0047606598939306565
30.0,Non-Travel,641.0,Sales,25.0,2,Technical Degree,1,475,4,Female,85,3,2,Sales Executive,3,Married,4736,6069,7,Y,Yes,12,3,2,80,1,4,2,4,2,2,2,2,0.3409393767403172
48.0,Travel_Rarely,1108.0,Research & Development,15.0,4,Other,1,1576,3,Female,65,3,1,Research Scientist,1,Married,2367,16530,8,Y,No,12,3,4,80,1,10,3,2,8,2,7,6,0.18251893270211406
29.0,Travel_Rarely,441.0,Research & Development,8.0,1,Other,1,1544,3,Female,39,1,2,Healthcare Representative,1,Married,9715,7288,3,Y,No,13,3,3,80,1,9,3,3,7,7,0,7,0.015125445266228865
49.0,Travel_Rarely,1091.0,Research & Development,1.0,2,Technical Degree,1,431,3,Female,90,2,4,Healthcare Representative,3,Single,13964,17810,7,Y,Yes,12,3,4,80,0,25,2,3,7,1,0,7,0.2762382911954435
,Travel_Rarely,287.0,Research & Development,1.0,4,Life Sciences,1,2052,3,Female,62,1,1,Research Scientist,4,Married,2977,8952,1,Y,No,12,3,4,80,1,4,5,3,4,3,1,1,0.023478102399893536
,Travel_Frequently,467.0,Sales,7.0,3,Life Sciences,1,1507,3,Male,55,3,2,Sales Executive,1,Single,4898,11827,0,Y,No,14,3,4,80,0,5,5,3,4,2,1,3,0.24283825331884817
32.0,Non-Travel,1184.0,Research & Development,1.0,3,Life Sciences,1,951,3,Female,70,2,1,Laboratory Technician,2,Married,2332,3974,6,Y,No,20,4,3,80,0,5,3,3,3,0,0,2,0.08419116060738892
31.0,Travel_Rarely,480.0,Research & Development,7.0,2,Medical,1,524,2,Female,31,3,2,Manufacturing Director,1,Married,4306,4156,1,Y,No,12,3,2,80,1,13,5,1,13,10,3,12,0.01381937207644137
34.0,Travel_Rarely,304.0,Sales,2.0,3,Other,1,786,4,Male,60,3,2,Sales Executive,4,Single,6274,18686,1,Y,No,22,4,3,80,0,6,5,3,6,5,1,4,0.020750731870610686
34.0,Travel_Rarely,167.0,Research & Development,8.0,5,Life Sciences,1,775,2,Female,32,3,2,Manufacturing Director,1,Divorced,5121,4187,3,Y,No,14,3,3,80,1,7,3,3,0,0,0,0,0.03967943845270931
50.0,Travel_Rarely,1322.0,Research & Development,28.0,3,Life Sciences,1,1317,4,Female,43,3,4,Research Director,1,Married,16880,22422,4,Y,Yes,11,3,2,80,0,25,2,3,3,2,1,2,0.015613339260976748
37.0,Travel_Rarely,1225.0,Research & Development,10.0,2,Life Sciences,1,715,4,Male,80,4,1,Research Scientist,4,Single,4680,15232,3,Y,No,17,3,1,80,0,4,2,3,1,0,0,0,0.04821392091658704
47.0,Travel_Rarely,249.0,Sales,2.0,2,Marketing,1,903,3,Female,35,3,2,Sales Executive,4,Married,4537,17783,0,Y,Yes,22,4,1,80,1,8,2,3,7,6,7,7,0.12742420357114123
24.0,Travel_Rarely,350.0,Research & Development,21.0,2,Technical Degree,1,1551,3,Male,57,2,1,Laboratory Technician,1,Divorced,2296,10036,0,Y,No,14,3,2,80,3,2,3,3,1,1,0,0,0.31515738240401125
18.0,Non-Travel,287.0,Research & Development,,2,Life Sciences,1,1012,2,Male,73,3,1,Research Scientist,4,Single,1051,13493,1,Y,No,15,3,4,80,0,0,2,3,0,0,0,0,0.05874428231270299
29.0,Travel_Rarely,1247.0,Sales,20.0,2,Marketing,1,349,4,Male,45,3,2,Sales Executive,4,Divorced,6931,10732,2,Y,No,14,3,4,80,1,10,2,3,3,2,0,2,0.010359613884960678
39.0,Travel_Rarely,492.0,Research & Development,12.0,3,Medical,1,1654,4,Male,66,3,2,Manufacturing Director,2,Married,5295,7693,4,Y,No,21,4,3,80,0,7,3,3,5,4,1,0,0.02160781684908443
31.0,Travel_Rarely,311.0,Research & Development,20.0,3,Life Sciences,1,1881,2,Male,89,3,2,Laboratory Technician,3,Divorced,4197,18624,1,Y,No,11,3,1,80,1,10,2,3,10,8,0,2,0.03624767256814959
36.0,Travel_Frequently,1213.0,Human Resources,2.0,1,Human Resources,1,1890,2,Male,94,2,2,Human Resources,4,Single,3886,4223,1,Y,No,21,4,4,80,0,10,2,2,10,1,0,8,0.29636449053068087
34.0,Travel_Rarely,404.0,Research & Development,2.0,4,Technical Degree,1,1383,3,Female,98,3,2,Healthcare Representative,4,Single,6687,6163,1,Y,No,11,3,4,80,0,14,2,4,14,11,4,11,0.006966616052090167
45.0,Travel_Rarely,788.0,Human Resources,24.0,4,Medical,1,1049,2,Male,36,3,1,Human Resources,2,Single,2177,8318,1,Y,No,16,3,1,80,0,6,3,3,6,3,0,4,0.29126292051842056
23.0,Travel_Rarely,541.0,Sales,2.0,1,Technical Degree,1,113,3,Male,62,3,1,Sales Representative,1,Divorced,2322,9518,3,Y,No,13,3,3,80,1,3,3,3,0,0,0,0,0.3945899041655935
32.0,Travel_Rarely,1373.0,Research & Development,,4,Life Sciences,1,1966,4,Male,56,2,2,Manufacturing Director,4,Single,9679,10138,8,Y,No,24,4,2,80,0,8,1,3,1,0,0,0,0.1705171566995333
29.0,Travel_Rarely,1210.0,Sales,2.0,3,Medical,1,366,1,Male,78,2,2,Sales Executive,2,Married,6644,3687,2,Y,No,19,3,2,80,2,10,2,3,0,0,0,0,0.1350386635648094
36.0,Travel_Rarely,928.0,Sales,1.0,2,Life Sciences,1,857,2,Male,56,3,2,Sales Executive,4,Married,6201,2823,1,Y,Yes,14,3,4,80,1,18,1,2,18,14,4,11,0.03490536209575459
45.0,Travel_Rarely,374.0,Sales,20.0,3,Life Sciences,1,2046,4,Female,50,3,2,Sales Executive,3,Single,4850,23333,8,Y,No,15,3,3,80,0,8,3,3,5,3,0,1,0.1259643258420383
24.0,Travel_Rarely,581.0,Research & Development,9.0,3,Medical,1,1707,3,Male,62,4,1,Research Scientist,3,Married,4401,17616,1,Y,No,16,3,4,80,1,5,1,3,5,3,0,4,0.015057791339217289
38.0,Travel_Frequently,888.0,Human Resources,10.0,4,Human Resources,1,1563,3,Male,71,3,2,Human Resources,3,Married,6077,14814,3,Y,No,11,3,3,80,0,10,2,3,6,3,1,2,0.1575779016113657
33.0,Travel_Frequently,1076.0,Research & Development,,3,Life Sciences,1,702,1,Male,70,3,1,Research Scientist,1,Single,3348,3164,1,Y,Yes,11,3,1,80,0,10,3,3,10,8,9,7,0.8372884656104701
40.0,Non-Travel,1479.0,Sales,24.0,3,Life Sciences,1,986,2,Female,100,4,4,Sales Executive,2,Single,13194,17071,4,Y,Yes,16,3,4,80,0,22,2,2,1,0,0,0,0.13217383256020138
33.0,Travel_Rarely,147.0,Research & Development,4.0,4,Medical,1,305,3,Female,47,2,1,Research Scientist,2,Married,2622,13248,6,Y,No,21,4,4,80,0,7,3,3,3,2,1,1,0.07117257926692917
24.0,Travel_Rarely,1127.0,Research & Development,18.0,1,Life Sciences,1,150,2,Male,52,3,1,Laboratory Technician,3,Married,2774,13257,0,Y,No,12,3,3,80,1,6,2,3,5,3,1,2,0.06108027830088543
31.0,Travel_Frequently,793.0,Sales,20.0,3,Life Sciences,1,1135,3,Male,67,4,1,Sales Representative,4,Married,2791,21981,0,Y,No,12,3,1,80,1,3,4,3,2,2,2,2,0.09080163685050789
52.0,Travel_Rarely,621.0,Sales,,4,Marketing,1,776,3,Male,31,2,4,Manager,1,Married,16856,10084,1,Y,No,11,3,1,80,0,34,3,4,34,6,1,16,0.02750926456965598
45.0,Travel_Rarely,1268.0,Sales,4.0,2,Life Sciences,1,240,3,Female,30,3,2,Sales Executive,1,Divorced,5006,6319,4,Y,Yes,11,3,1,80,1,9,3,4,5,4,0,3,0.11609808214184768
44.0,Travel_Rarely,1099.0,Sales,,3,Marketing,1,1267,2,Male,88,3,5,Manager,2,Married,18213,8751,7,Y,No,11,3,3,80,1,26,5,3,22,9,3,10,0.027594120145242162
,Travel_Rarely,895.0,Research & Development,15.0,2,Life Sciences,1,1102,1,Male,50,3,1,Laboratory Technician,3,Divorced,2207,22482,1,Y,No,16,3,4,80,1,4,5,2,4,2,2,2,0.11963182560448976
46.0,Travel_Rarely,734.0,Research & Development,2.0,4,Medical,1,1789,3,Male,46,3,5,Research Director,4,Divorced,19328,14218,7,Y,Yes,17,3,3,80,1,24,3,3,2,1,2,2,0.017008348656409395
58.0,Non-Travel,350.0,Sales,2.0,3,Medical,1,1824,2,Male,52,3,4,Manager,2,Divorced,16291,22577,4,Y,No,22,4,4,80,1,37,0,2,16,9,14,14,0.003751777656062448
36.0,Travel_Rarely,325.0,Research & Development,10.0,4,Technical Degree,1,1312,4,Female,63,3,3,Healthcare Representative,3,Married,7094,5747,3,Y,No,12,3,1,80,0,10,0,3,7,7,1,7,0.014829401409503102
37.0,Travel_Rarely,,Research & Development,1.0,3,Life Sciences,1,391,4,Female,42,3,1,Research Scientist,4,Single,2115,15881,1,Y,No,12,3,2,80,0,17,3,3,17,12,5,7,0.006852608390569881
37.0,Travel_Rarely,674.0,Research & Development,13.0,3,Medical,1,1543,1,Male,47,3,2,Research Scientist,4,Married,4285,3031,1,Y,No,17,3,1,80,0,10,2,3,10,8,3,7,0.019750890933306543
29.0,Travel_Rarely,986.0,Research & Development,,4,Medical,1,564,2,Male,93,2,3,Research Director,3,Married,11935,21526,1,Y,No,18,3,3,80,0,10,2,3,10,2,0,7,0.018516415670993644
36.0,Travel_Rarely,711.0,Research & Development,,4,Life Sciences,1,1651,2,Female,42,3,3,Healthcare Representative,1,Married,8008,22792,4,Y,No,12,3,3,80,2,9,6,3,3,2,0,2,0.02042322219929188
44.0,Travel_Rarely,1459.0,Research & Development,10.0,4,Other,1,40,4,Male,41,3,2,Healthcare Representative,4,Married,6465,19121,2,Y,Yes,13,3,4,80,0,9,5,4,4,2,1,3,0.01661580253817301
47.0,Travel_Rarely,703.0,Sales,14.0,4,Marketing,1,728,4,Male,42,3,2,Sales Executive,1,Single,4960,11825,2,Y,No,12,3,4,80,0,20,2,3,7,7,1,7,0.025582645934816968
32.0,Travel_Rarely,1045.0,Sales,4.0,4,Medical,1,291,4,Male,32,1,3,Sales Executive,4,Married,10400,25812,1,Y,No,11,3,3,80,0,14,2,2,14,8,9,8,0.07561109248585432
44.0,Travel_Rarely,170.0,Research & Development,1.0,4,Life Sciences,1,1903,2,Male,78,4,2,Healthcare Representative,1,Married,5033,9364,2,Y,No,15,3,4,80,1,10,5,3,2,0,2,2,0.01602177899289927
32.0,Travel_Rarely,495.0,Research & Development,10.0,3,Medical,1,1516,3,Male,64,3,3,Manager,4,Single,11244,21072,2,Y,No,25,4,2,80,0,10,5,4,5,2,0,0,0.024657831266533363
34.0,Travel_Rarely,401.0,Research & Development,1.0,3,Life Sciences,1,1447,4,Female,86,2,1,Laboratory Technician,2,Married,3294,3708,5,Y,No,17,3,1,80,1,7,2,2,5,4,0,2,0.14429051147401073
44.0,Travel_Rarely,986.0,Research & Development,8.0,4,Life Sciences,1,874,1,Male,62,4,1,Laboratory Technician,4,Married,2818,5044,2,Y,Yes,24,4,3,80,1,10,2,2,3,2,0,2,0.20015983550994063
54.0,Travel_Rarely,,Research & Development,,3,Life Sciences,1,1250,4,Male,85,3,4,Research Director,4,Married,17779,23474,3,Y,No,14,3,1,80,0,36,2,3,10,9,0,9,0.00011657008255982188
43.0,Travel_Rarely,920.0,Research & Development,,3,Life Sciences,1,1255,3,Male,96,1,5,Research Director,4,Married,19740,18625,3,Y,No,14,3,2,80,1,25,2,3,8,7,0,7,0.0013431940853977549
34.0,Travel_Frequently,1069.0,Research & Development,2.0,1,Life Sciences,1,256,4,Male,45,2,2,Manufacturing Director,3,Married,9547,14074,1,Y,No,17,3,3,80,0,10,2,2,10,9,1,9,0.015023093034876658
,Travel_Frequently,575.0,Research & Development,,1,Technical Degree,1,510,3,Male,73,3,1,Research Scientist,1,Single,3102,6582,0,Y,No,22,4,3,80,0,7,2,3,6,4,0,4,0.275700530133016
38.0,Travel_Rarely,1009.0,Sales,2.0,2,Life Sciences,1,1355,2,Female,31,3,2,Sales Executive,1,Divorced,6893,19461,3,Y,No,15,3,4,80,1,11,3,3,7,7,1,7,0.01297808533176559
,Travel_Frequently,783.0,Sales,1.0,2,Life Sciences,1,1927,3,Male,42,2,2,Sales Executive,4,Married,6834,19255,1,Y,Yes,12,3,3,80,1,7,2,3,7,7,0,7,0.1988917160359643
37.0,Travel_Rarely,1462.0,Research & Development,11.0,3,Medical,1,1411,1,Female,94,3,1,Laboratory Technician,3,Single,3629,19106,4,Y,No,18,3,1,80,0,8,6,3,3,2,0,2,0.21239912742365846
38.0,Non-Travel,573.0,Research & Development,6.0,3,Medical,1,107,2,Female,79,1,2,Research Scientist,4,Divorced,5329,15717,7,Y,Yes,12,3,4,80,3,17,3,3,13,11,1,9,0.02201524810896288
,Travel_Rarely,572.0,Sales,10.0,3,Medical,1,1836,3,Male,46,3,2,Sales Executive,4,Single,4684,9125,1,Y,No,13,3,1,80,0,5,4,3,5,3,1,2,0.09914213004275327
46.0,Travel_Frequently,1211.0,Sales,,4,Marketing,1,62,1,Male,98,3,2,Sales Executive,4,Single,5772,20445,4,Y,Yes,21,4,3,80,0,14,4,3,9,6,0,8,0.5022484546796226
29.0,Non-Travel,1496.0,Research & Development,1.0,1,Technical Degree,1,208,4,Male,41,3,2,Manufacturing Director,3,Married,4319,26283,1,Y,No,13,3,1,80,1,10,1,3,10,7,0,9,0.009316743041236437
29.0,Travel_Rarely,1252.0,Research & Development,23.0,2,Life Sciences,1,824,3,Male,81,4,1,Research Scientist,3,Married,2700,23779,1,Y,No,24,4,3,80,1,10,3,3,10,7,0,7,0.0036583566828232742
,Travel_Rarely,474.0,Research & Development,,3,Life Sciences,1,1581,1,Female,89,3,1,Research Scientist,4,Married,2061,11133,1,Y,No,21,4,1,80,0,1,5,3,1,0,0,0,0.04200103821178292
24.0,Travel_Rarely,771.0,Research & Development,1.0,2,Life Sciences,1,1981,2,Male,45,2,2,Healthcare Representative,3,Single,4617,14120,1,Y,No,12,3,2,80,0,4,2,2,4,3,1,2,0.15250381528912768
31.0,Travel_Frequently,523.0,Research & Development,2.0,3,Life Sciences,1,1464,2,Male,94,3,1,Laboratory Technician,4,Married,3722,21081,6,Y,Yes,13,3,3,80,1,7,2,1,2,2,2,2,0.8554566040535176
48.0,Travel_Rarely,492.0,Sales,16.0,4,Life Sciences,1,1557,3,Female,96,3,2,Sales Executive,3,Divorced,6439,13693,8,Y,No,14,3,3,80,1,18,2,3,8,7,7,7,0.01976048360268841
48.0,Travel_Frequently,708.0,Sales,7.0,2,Medical,1,1691,4,Female,95,3,1,Sales Representative,3,Married,2655,11740,2,Y,Yes,11,3,3,80,2,19,3,3,9,7,7,7,0.12171065759668531
38.0,Travel_Rarely,345.0,Sales,10.0,2,Life Sciences,1,2041,1,Female,100,3,2,Sales Executive,4,Married,5343,5982,1,Y,No,11,3,3,80,1,10,1,3,10,7,1,9,0.009644440070474061
27.0,Travel_Rarely,798.0,Research & Development,6.0,4,Medical,1,655,1,Female,66,2,1,Research Scientist,3,Divorced,2187,5013,0,Y,No,12,3,3,80,2,6,5,2,5,3,0,3,0.021389002261966016
38.0,Travel_Rarely,1380.0,Research & Development,9.0,2,Life Sciences,1,245,3,Female,75,3,1,Laboratory Technician,4,Single,2288,6319,1,Y,No,12,3,3,80,0,2,3,3,2,2,2,1,0.06659187832100293
42.0,Travel_Rarely,265.0,Sales,,2,Marketing,1,1029,4,Male,90,3,5,Manager,3,Married,18303,7770,6,Y,No,13,3,2,80,0,21,3,4,1,0,0,0,0.012460416267919244
45.0,Non-Travel,1238.0,Research & Development,1.0,1,Life Sciences,1,1712,3,Male,74,2,3,Healthcare Representative,3,Married,10748,3395,3,Y,No,23,4,4,80,1,25,3,2,23,15,14,4,0.0039779629242904764
24.0,Travel_Rarely,1371.0,Sales,10.0,4,Marketing,1,507,4,Female,77,3,2,Sales Executive,3,Divorced,4260,5915,1,Y,Yes,12,3,4,80,1,5,2,4,5,2,0,3,0.07721018964372617
34.0,Travel_Rarely,254.0,Research & Development,1.0,2,Life Sciences,1,649,2,Male,83,2,1,Research Scientist,4,Married,3622,22794,1,Y,Yes,13,3,4,80,1,6,3,3,6,5,1,3,0.14113216783071708
,Travel_Rarely,,Research & Development,1.0,2,Medical,1,1083,1,Male,59,2,1,Laboratory Technician,1,Married,3955,11141,1,Y,No,16,3,1,80,2,6,2,3,5,3,1,3,0.36076236321302313
47.0,Travel_Frequently,1093.0,Sales,9.0,3,Life Sciences,1,1716,3,Male,82,1,4,Sales Executive,3,Married,12936,24164,7,Y,No,11,3,3,80,0,25,3,1,23,5,14,10,0.7462972920574027
,Travel_Frequently,772.0,Research & Development,2.0,1,Life Sciences,1,1653,4,Male,77,4,2,Manufacturing Director,3,Divorced,5206,4973,1,Y,No,17,3,3,80,2,7,6,3,7,7,0,7,0.0021846734989677675
41.0,Travel_Rarely,483.0,Research & Development,6.0,3,Medical,1,466,4,Male,95,2,2,Manufacturing Director,2,Single,6032,10110,6,Y,Yes,15,3,4,80,0,8,3,3,5,4,1,2,0.48827425601560703
20.0,Travel_Rarely,1141.0,Sales,2.0,3,Medical,1,1657,3,Female,31,3,1,Sales Representative,3,Single,2783,13251,1,Y,No,19,3,1,80,0,2,3,3,2,2,2,2,0.2747465316685576
,Travel_Frequently,426.0,Human Resources,17.0,4,Life Sciences,1,608,2,Female,58,3,1,Human Resources,3,Divorced,2741,22808,0,Y,Yes,11,3,2,80,1,8,2,2,7,7,1,0,0.4554815824419113
47.0,Travel_Frequently,719.0,Sales,27.0,2,Life Sciences,1,785,2,Female,77,4,2,Sales Executive,3,Single,6397,10339,4,Y,Yes,12,3,4,80,0,8,2,3,5,4,1,3,0.41018356176784465
,Travel_Frequently,575.0,Research & Development,1.0,2,Life Sciences,1,792,1,Female,71,1,1,Laboratory Technician,4,Divorced,4364,5288,3,Y,No,14,3,1,80,1,5,2,3,2,2,2,0,0.37440010552682695
37.0,Travel_Rarely,1470.0,Research & Development,10.0,3,Medical,1,1640,2,Female,71,3,1,Research Scientist,2,Married,3936,9953,1,Y,No,11,3,1,80,1,8,2,1,8,4,7,7,0.09443571120683811
40.0,Travel_Rarely,1300.0,Research & Development,24.0,2,Technical Degree,1,335,1,Male,62,3,2,Research Scientist,4,Divorced,3319,24447,1,Y,No,17,3,1,80,2,9,3,3,9,8,4,7,0.03524075041756221
,Travel_Rarely,309.0,Human Resources,2.0,3,Human Resources,1,1987,3,Female,82,3,1,Human Resources,2,Married,2187,19655,4,Y,No,14,3,3,80,0,6,3,3,2,0,1,2,0.1779215078529117
47.0,Non-Travel,1169.0,Research & Development,14.0,4,Technical Degree,1,1934,3,Male,64,3,2,Research Scientist,2,Married,5467,2125,8,Y,No,18,3,3,80,1,16,4,4,8,7,1,7,0.014721366929903059
29.0,Travel_Rarely,592.0,Research & Development,7.0,3,Life Sciences,1,1883,4,Male,59,3,1,Laboratory Technician,1,Single,2062,19384,3,Y,No,14,3,2,80,0,11,2,3,3,2,1,2,0.2635447364926874
36.0,Travel_Rarely,884.0,Sales,1.0,4,Life Sciences,1,1585,2,Female,73,3,2,Sales Executive,3,Single,6815,21447,6,Y,No,13,3,1,80,0,15,5,3,1,0,0,0,0.14382247404118262
34.0,Travel_Rarely,1326.0,Sales,,3,Other,1,1478,4,Male,81,1,2,Sales Executive,1,Single,4759,15891,3,Y,No,18,3,4,80,0,15,2,3,13,9,3,12,0.09484384801374775
27.0,Travel_Rarely,954.0,Sales,9.0,3,Marketing,1,1965,4,Male,44,3,2,Sales Executive,4,Single,4105,5099,1,Y,No,14,3,1,80,0,7,5,3,7,7,0,7,0.026883733362103594
32.0,Travel_Rarely,929.0,Sales,10.0,3,Marketing,1,722,4,Male,55,3,2,Sales Executive,4,Single,5396,21703,1,Y,No,12,3,4,80,0,10,2,2,10,7,0,8,0.033824076821690675
50.0,Travel_Frequently,1234.0,Research & Development,20.0,5,Medical,1,1606,2,Male,41,3,4,Healthcare Representative,3,Married,11245,20689,2,Y,Yes,15,3,3,80,1,32,3,3,30,8,12,13,0.24663122910182353
30.0,Travel_Rarely,852.0,Sales,10.0,3,Marketing,1,1179,3,Male,72,2,2,Sales Executive,3,Married,6578,2706,1,Y,No,18,3,1,80,1,10,3,3,10,3,1,4,0.09919374348573029
21.0,Travel_Rarely,156.0,Sales,12.0,3,Life Sciences,1,494,3,Female,90,4,1,Sales Representative,2,Single,2716,25422,1,Y,No,15,3,4,80,0,1,0,3,1,0,0,0,0.29945342319311236
,Travel_Rarely,,Sales,23.0,3,Marketing,1,72,3,Female,47,2,2,Sales Executive,4,Married,4157,21436,7,Y,Yes,19,3,3,80,1,5,2,2,2,2,0,0,0.6981512940716347
27.0,Travel_Rarely,269.0,Research & Development,,1,Technical Degree,1,844,3,Male,42,2,3,Research Director,4,Divorced,12808,8842,1,Y,Yes,16,3,2,80,1,9,3,3,9,8,0,8,0.033265510874192904
43.0,Travel_Frequently,775.0,Sales,15.0,3,Life Sciences,1,754,4,Male,47,2,2,Sales Executive,4,Married,6804,23683,3,Y,No,18,3,3,80,1,7,5,3,2,2,2,2,0.05438851516424223
31.0,Travel_Rarely,,Research & Development,2.0,4,Life Sciences,1,426,3,Male,32,3,1,Research Scientist,4,Divorced,2695,7747,0,Y,Yes,18,3,2,80,1,3,2,1,2,2,2,2,0.17778761440201038
,Travel_Rarely,1402.0,Sales,28.0,4,Life Sciences,1,1554,2,Female,98,2,1,Sales Representative,3,Married,2430,26204,0,Y,No,23,4,1,80,2,6,5,3,5,3,4,2,0.12045625941242905
22.0,Travel_Rarely,534.0,Research & Development,15.0,3,Medical,1,144,2,Female,59,3,1,Laboratory Technician,4,Single,2871,23785,1,Y,No,15,3,3,80,0,1,5,3,0,0,0,0,0.17061171750867307
44.0,Travel_Rarely,921.0,Research & Development,2.0,3,Life Sciences,1,1703,3,Female,96,4,3,Healthcare Representative,4,Married,7879,14810,1,Y,Yes,19,3,2,80,1,9,2,3,8,7,6,7,0.01768696507310286
37.0,Travel_Rarely,807.0,Human Resources,6.0,4,Human Resources,1,133,3,Male,63,3,1,Human Resources,1,Divorced,2073,23648,4,Y,Yes,22,4,4,80,0,7,3,3,3,2,0,2,0.45008075184315965
42.0,Travel_Frequently,1368.0,Research & Development,28.0,4,Technical Degree,1,551,4,Female,88,2,2,Healthcare Representative,4,Married,4523,4386,0,Y,No,11,3,4,80,3,7,4,4,6,5,0,4,0.004725997278064749
42.0,Travel_Rarely,1265.0,Research & Development,,3,Life Sciences,1,894,3,Female,95,4,2,Laboratory Technician,4,Married,5231,23726,2,Y,Yes,13,3,2,80,1,17,1,2,5,3,1,3,0.07967966725523522
31.0,Travel_Rarely,1463.0,Research & Development,23.0,3,Medical,1,367,2,Male,64,2,2,Healthcare Representative,4,Married,5582,14408,0,Y,No,21,4,2,80,1,10,2,3,9,0,7,8,0.038442764502441794
36.0,Travel_Rarely,917.0,Research & Development,6.0,4,Life Sciences,1,1221,3,Male,60,1,1,Laboratory Technician,3,Divorced,2741,6865,1,Y,No,14,3,3,80,1,7,4,3,7,7,1,7,0.026563404576442462
18.0,Travel_Rarely,230.0,Research & Development,,3,Life Sciences,1,405,3,Male,54,3,1,Laboratory Technician,3,Single,1420,25233,1,Y,No,13,3,3,80,0,0,2,3,0,0,0,0,0.35267674637164953
47.0,Travel_Frequently,217.0,Sales,,3,Medical,1,746,4,Female,49,3,4,Sales Executive,3,Divorced,13770,10225,9,Y,Yes,12,3,4,80,2,28,2,2,22,2,11,13,0.5997387615149583
34.0,Travel_Rarely,1320.0,Research & Development,20.0,3,Technical Degree,1,1265,3,Female,89,4,1,Research Scientist,3,Married,2585,21643,0,Y,No,17,3,4,80,0,2,5,2,1,0,0,0,0.03401149300263001
58.0,Travel_Rarely,1272.0,Research & Development,,3,Technical Degree,1,940,3,Female,37,2,3,Healthcare Representative,2,Divorced,10552,9255,2,Y,Yes,13,3,4,80,1,24,3,3,6,0,0,4,0.043703236708175566
36.0,Travel_Rarely,329.0,Research & Development,2.0,3,Life Sciences,1,501,4,Female,96,3,1,Research Scientist,3,Married,2543,11868,4,Y,No,13,3,2,80,1,6,3,3,2,2,2,2,0.019393813079858224
44.0,Travel_Frequently,920.0,Research & Development,24.0,3,Life Sciences,1,392,4,Male,43,3,1,Laboratory Technician,3,Divorced,3161,19920,3,Y,Yes,22,4,4,80,1,19,0,1,1,0,0,0,0.2657483545910253
40.0,Travel_Frequently,692.0,Research & Development,11.0,3,Technical Degree,1,1985,4,Female,73,3,2,Laboratory Technician,3,Married,6323,26849,1,Y,No,11,3,1,80,1,10,2,4,10,9,9,4,0.15743673082826093
54.0,Travel_Rarely,155.0,Research & Development,9.0,2,Life Sciences,1,1969,1,Female,67,3,2,Research Scientist,3,Married,2897,22474,3,Y,No,11,3,3,80,2,9,6,2,4,3,2,3,0.021422289581835483
58.0,Travel_Rarely,147.0,Research & Development,23.0,4,Medical,1,165,4,Female,94,3,3,Healthcare Representative,4,Married,10312,3465,1,Y,No,12,3,4,80,1,40,3,2,40,10,15,6,0.006158207640664438
23.0,Travel_Rarely,427.0,Sales,7.0,3,Life Sciences,1,1702,3,Male,99,3,1,Sales Representative,4,Divorced,2275,25103,1,Y,Yes,21,4,2,80,1,3,2,3,3,2,0,2,0.29089822252401615
31.0,Travel_Frequently,444.0,Sales,,3,Marketing,1,399,4,Female,84,3,1,Sales Representative,2,Divorced,2789,3909,1,Y,No,11,3,3,80,1,2,5,2,2,2,2,2,0.13715877962951592
38.0,Travel_Rarely,827.0,Research & Development,1.0,4,Life Sciences,1,724,2,Female,33,4,2,Healthcare Representative,4,Single,7625,19383,0,Y,No,13,3,3,80,0,10,4,2,9,7,1,8,0.005065602463545173
38.0,Travel_Rarely,397.0,Research & Development,2.0,2,Medical,1,1638,4,Female,54,2,3,Manufacturing Director,3,Married,7756,14199,3,Y,Yes,19,3,4,80,1,10,6,4,5,4,0,2,0.03069438670990927
,Travel_Rarely,995.0,Research & Development,9.0,3,Medical,1,930,3,Female,77,3,1,Research Scientist,3,Divorced,2377,9834,5,Y,No,18,3,2,80,1,6,2,3,2,2,2,2,0.031692617838097716
,Travel_Rarely,933.0,Sales,1.0,3,Life Sciences,1,476,3,Male,57,3,2,Sales Executive,3,Married,5296,20156,1,Y,No,17,3,2,80,1,8,3,3,8,7,7,7,0.039700907958739734
27.0,Travel_Rarely,1157.0,Research & Development,17.0,3,Technical Degree,1,233,3,Male,51,3,1,Research Scientist,2,Married,3058,13364,0,Y,Yes,16,3,4,80,1,6,3,2,5,2,1,1,0.4834851650853014
32.0,Travel_Rarely,529.0,Research & Development,2.0,3,Technical Degree,1,2038,4,Male,78,3,1,Research Scientist,1,Single,2439,11288,1,Y,No,14,3,4,80,0,4,4,3,4,2,1,2,0.21492171491377687
37.0,Travel_Rarely,977.0,Research & Development,1.0,3,Life Sciences,1,1196,4,Female,56,2,2,Manufacturing Director,4,Married,6474,9961,1,Y,No,13,3,2,80,1,14,2,2,14,8,3,11,0.004948535182934395
29.0,Travel_Rarely,469.0,Sales,10.0,3,Medical,1,1650,3,Male,42,2,2,Sales Executive,3,Single,5869,23413,9,Y,No,11,3,3,80,0,8,2,3,5,2,1,4,0.5216784290275815
46.0,Travel_Rarely,,Research & Development,1.0,4,Medical,1,288,4,Male,97,3,3,Healthcare Representative,1,Divorced,9396,12368,7,Y,No,16,3,3,80,1,17,3,3,4,2,0,3,0.010651023765284458
36.0,Travel_Rarely,559.0,Research & Development,12.0,4,Life Sciences,1,1614,3,Female,76,3,2,Manufacturing Director,3,Married,4663,12421,9,Y,Yes,12,3,2,80,2,7,2,3,3,2,1,1,0.36573212877037925
32.0,Travel_Rarely,1033.0,Research & Development,9.0,3,Medical,1,190,1,Female,41,3,1,Laboratory Technician,1,Single,4200,10224,7,Y,No,22,4,1,80,0,10,2,4,5,4,0,4,0.38923884441069173
30.0,Travel_Rarely,241.0,Research & Development,7.0,3,Medical,1,1609,2,Male,48,2,1,Research Scientist,2,Married,2141,5348,1,Y,No,12,3,2,80,1,6,3,2,6,4,1,1,0.1081250859858061
31.0,Non-Travel,587.0,Sales,2.0,4,Life Sciences,1,1324,4,Female,57,3,3,Sales Executive,3,Divorced,9852,8935,1,Y,Yes,19,3,1,80,1,10,5,2,10,8,9,6,0.056775356641320704
34.0,Travel_Rarely,810.0,Sales,8.0,2,Technical Degree,1,1823,2,Male,92,4,2,Sales Executive,3,Married,6799,22128,1,Y,No,21,4,3,80,2,10,5,3,10,8,4,8,0.02226029751110505
44.0,Travel_Frequently,602.0,Human Resources,1.0,5,Human Resources,1,1642,1,Male,37,3,2,Human Resources,4,Married,5743,10503,4,Y,Yes,11,3,3,80,0,14,3,3,10,7,0,2,0.5011267990635616
58.0,Travel_Frequently,781.0,Research & Development,2.0,1,Life Sciences,1,918,4,Male,57,2,1,Laboratory Technician,4,Divorced,2380,13384,9,Y,Yes,14,3,4,80,1,3,3,2,1,0,0,0,0.6879858694199431
44.0,Travel_Rarely,935.0,Research & Development,,3,Life Sciences,1,1333,1,Male,89,3,1,Laboratory Technician,1,Married,2362,14669,4,Y,No,12,3,3,80,0,10,4,4,3,2,1,2,0.13639360597486738
31.0,Travel_Rarely,1079.0,Sales,10.0,2,Medical,1,1912,3,Female,86,3,2,Sales Executive,4,Divorced,6583,20115,2,Y,Yes,11,3,4,80,1,8,2,3,5,2,1,4,0.06558104533382585
38.0,Travel_Rarely,1084.0,Research & Development,29.0,3,Technical Degree,1,273,4,Male,54,3,2,Manufacturing Director,4,Married,6261,4185,3,Y,No,18,3,1,80,1,9,3,1,7,7,1,7,0.02859410709377412
,Travel_Rarely,180.0,Research & Development,2.0,1,Medical,1,854,1,Male,65,4,1,Research Scientist,1,Single,3424,21632,7,Y,No,13,3,3,80,0,6,3,2,4,3,0,1,0.48890771964953184
,Travel_Rarely,1258.0,Research & Development,1.0,4,Life Sciences,1,826,4,Female,40,4,1,Research Scientist,3,Single,2506,13301,3,Y,No,13,3,3,80,0,7,0,3,2,2,2,2,0.03961232542816353
36.0,Travel_Rarely,188.0,Research & Development,7.0,4,Other,1,949,2,Male,65,3,1,Research Scientist,4,Single,4678,23293,2,Y,No,18,3,3,80,0,8,6,3,6,2,0,1,0.07135627108455318
36.0,Travel_Rarely,557.0,Sales,,3,Medical,1,2024,1,Female,94,2,3,Sales Executive,4,Married,7644,12695,0,Y,No,19,3,3,80,2,10,2,3,9,7,3,4,0.022205018014123827
39.0,Travel_Frequently,766.0,Sales,20.0,3,Life Sciences,1,1812,3,Male,83,3,2,Sales Executive,4,Divorced,4127,19188,2,Y,No,18,3,4,80,1,7,6,3,2,1,2,2,0.024327622124968133
,Travel_Rarely,809.0,Research & Development,16.0,3,Medical,1,14,1,Male,84,4,1,Laboratory Technician,2,Married,2426,16479,0,Y,No,13,3,3,80,1,6,5,3,5,4,0,3,0.04991303788239165
41.0,Travel_Frequently,857.0,Research & Development,10.0,3,Life Sciences,1,199,4,Male,91,2,4,Manager,1,Divorced,17181,12888,4,Y,No,13,3,2,80,1,21,2,2,7,6,7,7,0.049019343369820875
36.0,Travel_Rarely,530.0,Sales,,1,Life Sciences,1,967,3,Male,51,2,3,Sales Executive,4,Married,10325,5518,1,Y,Yes,11,3,1,80,1,16,6,3,16,7,3,7,0.09855497710653817
29.0,Travel_Frequently,442.0,Sales,2.0,2,Life Sciences,1,388,2,Male,44,3,2,Sales Executive,4,Single,4554,20260,1,Y,No,18,3,1,80,0,10,3,2,10,7,0,9,0.13474757668975404
36.0,Travel_Frequently,566.0,Research & Development,18.0,4,Life Sciences,1,407,3,Male,81,4,1,Laboratory Technician,4,Married,3688,7122,4,Y,No,18,3,4,80,2,4,2,3,1,0,0,0,0.09508269900716626
33.0,Travel_Rarely,213.0,Research & Development,7.0,3,Medical,1,817,3,Male,49,3,3,Research Director,3,Married,11691,25995,0,Y,No,11,3,4,80,0,14,3,4,13,9,3,7,0.0014263622563704327
36.0,Travel_Rarely,506.0,Research & Development,,3,Technical Degree,1,397,3,Male,30,3,2,Research Scientist,2,Single,4485,26285,4,Y,No,12,3,4,80,0,10,2,3,8,0,7,7,0.6224957108309311
38.0,Travel_Rarely,1495.0,Research & Development,10.0,3,Medical,1,634,3,Female,76,3,2,Healthcare Representative,3,Married,9824,22174,3,Y,No,19,3,3,80,1,18,4,3,1,0,0,0,0.0037998811788067305
54.0,Travel_Rarely,376.0,Research & Development,19.0,4,Medical,1,799,4,Female,95,3,2,Manufacturing Director,1,Divorced,5485,22670,9,Y,Yes,11,3,2,80,2,9,4,3,5,3,1,4,0.20382613055340945
37.0,Non-Travel,1413.0,Research & Development,,2,Technical Degree,1,1440,3,Male,84,4,1,Laboratory Technician,3,Single,3500,25470,0,Y,No,14,3,1,80,0,7,2,1,6,5,1,3,0.16788679246533225
33.0,Non-Travel,,Sales,8.0,1,Life Sciences,1,1044,2,Female,88,2,1,Sales Representative,4,Single,2342,21437,0,Y,No,19,3,4,80,0,3,2,2,2,2,2,2,0.11936167498814931
50.0,Travel_Rarely,410.0,Sales,28.0,3,Marketing,1,2055,4,Male,39,2,3,Sales Executive,1,Divorced,10854,16586,4,Y,Yes,13,3,2,80,1,20,3,3,3,2,2,0,0.298452394620404
49.0,Travel_Rarely,470.0,Research & Development,20.0,4,Medical,1,170,3,Female,96,3,2,Manufacturing Director,1,Married,6567,5549,1,Y,No,14,3,3,80,0,16,2,2,15,11,5,11,0.007621663862444217
33.0,Travel_Frequently,430.0,Sales,7.0,3,Medical,1,1477,4,Male,54,3,2,Sales Executive,1,Married,4373,17456,0,Y,No,14,3,1,80,2,5,2,3,4,3,0,3,0.09566164965247138
27.0,Non-Travel,210.0,Sales,1.0,1,Marketing,1,449,3,Male,73,3,2,Sales Executive,2,Married,6349,22107,0,Y,Yes,13,3,4,80,1,6,0,3,5,4,1,4,0.17079761522387732
,Travel_Rarely,1157.0,Research & Development,2.0,4,Medical,1,440,1,Male,84,1,1,Research Scientist,4,Married,3464,24737,5,Y,Yes,13,3,4,80,0,5,4,2,3,2,2,2,0.73328638024879
39.0,Travel_Rarely,1383.0,Human Resources,2.0,3,Life Sciences,1,909,4,Female,42,2,2,Human Resources,4,Married,5204,7790,8,Y,No,11,3,3,80,2,13,2,3,5,4,0,4,0.03378931615860436
,Travel_Rarely,104.0,Research & Development,2.0,3,Life Sciences,1,1569,1,Female,69,3,1,Laboratory Technician,1,Divorced,2074,26619,1,Y,Yes,12,3,4,80,1,1,2,3,1,0,0,0,0.6920733868398361
